Page_Number,Sutra,Book_Name,Sanskrit,Romanised_Sanskrit,Meaning,Question,Hindi_Question,Answer,Hindi_Answer,Reference_Link
3,1,Haṭha Yoga Pradīpikā,"शरी आदि नाथाय नमो|अस्तु तस्मै
येनोपदिष्ह्टा हठ योग विद्या |
विभ्राजते परोन्नत राज योगम
आरोढुमिछ्छोरधिरोहिणीव ||","śarī ādi nāthāya namo|astu tasmai
yenopadiṣhṭā haṭha yoga vidyā |
vibhrājate paronnata rāja yogama
āroḍhumichchoradhirohiṇīva ||","Salutation to Âdinâtha (Śiva) who expounded the knowledge of Haṭha Yoga, which like a staircase leads the aspirant to the high pinnacled Râja Yoga.",Who is the original teacher of Hatha Yoga and what did he teach?,हठ योग के मूल गुरु कौन थे और उन्होंने क्या सिखाया?,"The original teacher of Hatha Yoga is Lord Shiva or Adi Nath. He taught the science of Hatha Yoga to his consort Parvati. This knowledge is described as a staircase for those who wish to attain the high peak of Raja Yoga, also known as Supreme Yoga.","हठ योग के मूल गुरु भगवान शिव या आदि नाथ हैं। उन्होंने अपनी पत्नी पार्वती को हठ योग का ज्ञान दिया। इस ज्ञान को राज योग के शिखर तक पहुंचने की सीढ़ी के रूप में वर्णित किया गया है, जिसे सर्वोच्च योग भी कहा जाता है।",https://gyanbharatam.com/manuscript/view?id=9f06fbc7 3682 4966 8d7c 8fb86aaa0275
3,2,Haṭha Yoga Pradīpikā,"परणम्य शरी गुरुं नाथं सवात्मारामेण योगिना |
केवलं राज योगाय हठ विद्योपदिश्यते ||","paraṇamya śarī guruṃ nāthaṃ savātmārāmeṇa yoginā |
kevalaṃ rāja yogāya haṭha vidyopadiśyate ||","Yogin Swâtmârâma, after saluting first his Gurû Srinâtha explains Haṭha Yoga for the attainment of Raja Yoga.",What is the foundational methodology prescribed for the mastery of Rāja Yoga?,राज योग में महारत हासिल करने के लिए निर्धारित मूलभूत पद्धति क्या है?,,हठ विद्या का व्यवस्थित अभ्यास राज योग की अवस्था को प्राप्त करने के लिए आवश्यक पूर्व शर्त और सहायक ढांचा प्रदान करता है।,https://gyanbharatam.com/manuscript/view?id=9f06fbc7 3682 4966 8d7c 8fb86aaa0275
3,3,Haṭha Yoga Pradīpikā,"भरान्त्या बहुमत धवान्ते राज योगमजानताम |
हठ परदीपिकां धत्ते सवात्मारामः कॄपाकरः ||","bhrāntyā bahumata dhvānte rāja yoghamajānatām |
haṭha pradīpikāṃ dhatte svātmārāmaḥ kṝpākaraḥ ||",Owing to the darkness arising from the multiplicity of opinions people are unable to know the Râja Yoga. Compassionate Swâtmârâma composes the Haṭha Yoga Pradipikâ like a torch to dispel it.,,,,,https://gyanbharatam.com/manuscript/view?id=9f06fbc7 3682 4966 8d7c 8fb86aaa0275
3,4,Haṭha Yoga Pradīpikā,"हठ विद्यां हि मत्स्येन्द्र गोरक्ष्हाद्या विजानते |
सवात्मारामो|अथवा योगी जानीते तत परसादतः ||","haṭha vidyāṃ hi matsyendra ghorakṣhādyā vijānate |
svātmārāmo|athavā yoghī jānīte tat prasādataḥ ||","Matsyendra, Gorakṣa, etc., knew Haṭha Vidyâ, and by their favour Yogî Swâtmârâma also learnt it from them.

The following Siddhas (masters) are said to have existed in former times:—",,,,,https://gyanbharatam.com/manuscript/view?id=9f06fbc7 3682 4966 8d7c 8fb86aaa0275
3,5,Haṭha Yoga Pradīpikā,"शरी आदिनाथ मत्स्येन्द्र शावरानन्द भैरवाः |
छौरङ्गी मीन गोरक्ष्ह विरूपाक्ष्ह बिलेशयाः || ५ ||","śrī ādinātha matsyendra śāvarānanda bhairavāḥ |
chaurangghī mīna ghorakṣha virūpākṣha bileśayāḥ || 5 ||","Sri Âdinâtha (Śiva), Matsyendra, Nâtha, Sâbar, Anand, Bhairava, Chaurangi, Mîna nâtha, Gorakṣanâtha, Virupâkṣa, Bileśaya.",,,,,https://gyanbharatam.com/manuscript/view?id=9f06fbc7 3682 4966 8d7c 8fb86aaa0275
3,6,Haṭha Yoga Pradīpikā,"मन्थानो भैरवो योगी सिद्धिर्बुद्धश्छ कन्थडिः |
कोरंटकः सुरानन्दः सिद्धपादश्छ छर्पटिः || ६ ||","manthāno bhairavo yoghī siddhirbuddhaścha kanthaḍiḥ |
koraṃṭakaḥ surānandaḥ siddhapādaścha charpaṭiḥ || 6 ||","Manthâna, Bhairava, Siddhi Buddha, Kanthadi, Karantaka, Surânanda, Siddhipâda, Charapati.",,,,,https://gyanbharatam.com/manuscript/view?id=9f06fbc7 3682 4966 8d7c 8fb86aaa0275
3,7,Haṭha Yoga Pradīpikā,"कानेरी पूज्यपादश्छ नित्य नाथो निरञ्जनः |
कपाली बिन्दुनाथश्छ काकछण्डीश्वराह्वयः || ७ ||","kānerī pūjyapādaścha nitya nātho nirañjanaḥ |
kapālī bindunāthaścha kākachaṇḍīśvarāhvayaḥ || 7 ||","Kânerî, Pûjyapâda, Nityanâtha, Nirañjana, Kapâli, Vindunâtha, Kâka Chandîśwara.",,,,,https://gyanbharatam.com/manuscript/view?id=9f06fbc7 3682 4966 8d7c 8fb86aaa0275
3,8,Haṭha Yoga Pradīpikā,"अल्लामः परभुदेवश्छ घोडा छोली छ टिंटिणिः |
भानुकी नारदेवश्छ खण्डः कापालिकस्तथा || ८ ||","allāmaḥ prabhudevaścha ghoḍā cholī cha ṭiṃṭiṇiḥ |
bhānukī nāradevaścha khaṇḍaḥ kāpālikastathā || 8 ||","Allâma, Prabhudeva, Ghodâ, Cholî, Tintiṇi, Bhânukî Nârdeva, Khanda Kâpâlika, etc.",,,,,https://gyanbharatam.com/manuscript/view?id=9f06fbc7 3682 4966 8d7c 8fb86aaa0275
4,9,Haṭha Yoga Pradīpikā,"इत्यादयो महासिद्धा हठ योग परभावतः |
खण्डयित्वा काल दण्डं बरह्माण्डे विछरन्ति ते || ९ ||","ityādayo mahāsiddhā haṭha yogha prabhāvataḥ |
khaṇḍayitvā kāla daṇḍaṃ brahmāṇḍe vicharanti te || 9 ||","These Mahâsiddhas (great masters), breaking the sceptre of death, are roaming in the universe.",,,,,https://gyanbharatam.com/manuscript/view?id=9f06fbc7 3682 4966 8d7c 8fb86aaa0275
4,10,Haṭha Yoga Pradīpikā,"अशेष्ह ताप तप्तानां समाश्रय मठो हठः |
अशेष्ह योग युक्तानामाधार कमठो हठः || १० ||","aśeṣha tāpa taptānāṃ samāśraya maṭho haṭhaḥ |
aśeṣha yogha yuktānāmādhāra kamaṭho haṭhaḥ || 10 ||","Like a house protecting one from the heat of the sun, Haṭha Yoga protects its practiser from the burning heat of the three Tâpas; and, similarly, it is the supporting tortoise, as it were, for those who are constantly devoted to the practice of Yoga.",,,,,https://gyanbharatam.com/manuscript/view?id=9f06fbc7 3682 4966 8d7c 8fb86aaa0275
4,11,Haṭha Yoga Pradīpikā,"हठ विद्या परं गोप्या योगिना सिद्धिमिछ्छता |
भवेद्वीर्यवती गुप्ता निर्वीर्या तु परकाशिता || ११ ||","haṭha vidyā paraṃ ghopyā yoghinā siddhimichchatā |
bhavedvīryavatī ghuptā nirvīryā tu prakāśitā || 11 ||","A Yogî desirous of success should keep the knowledge of Haṭha Yoga secret; for it becomes potent by concealing, and impotent by exposing.",,,,,https://gyanbharatam.com/manuscript/view?id=9f06fbc7 3682 4966 8d7c 8fb86aaa0275
4,12,Haṭha Yoga Pradīpikā,"सुराज्ये धार्मिके देशे सुभिक्ष्हे निरुपद्रवे |
धनुः परमाण पर्यन्तं शिलाग्नि जल वर्जिते |
एकान्ते मठिका मध्ये सथातव्यं हठ योगिना || १२ ||","surājye dhārmike deśe subhikṣhe nirupadrave |
dhanuḥ pramāṇa paryantaṃ śilāghni jala varjite |
ekānte maṭhikā madhye sthātavyaṃ haṭha yoghinā || 12 ||","The Yogî should practise Haṭha Yoga in a small room, situated in a solitary place, being 4 cubits square, and free from stones, fire, water, disturbances of all kinds, and in a country where justice is properly administered, where good people live, and food can be obtained easily and plentifully.",,,,,https://gyanbharatam.com/manuscript/view?id=9f06fbc7 3682 4966 8d7c 8fb86aaa0275
4,13,Haṭha Yoga Pradīpikā,"अल्प दवारमरन्ध्र गर्त विवरं नात्युछ्छ नीछायतं
सम्यग गोमय सान्द्र लिप्तममलं निःशेस जन्तूज्झितम |
बाह्ये मण्डप वेदि कूप रुछिरं पराकार संवेष्ह्टितं
परोक्तं योग मठस्य लक्ष्हणमिदं सिद्धैर्हठाभ्यासिभिः || १३ ||","alpa dvāramarandhra gharta vivaraṃ nātyuchcha nīchāyataṃ
samyagh ghomaya sāndra liptamamalaṃ niḥśesa jantūjjhitam |
bāhye maṇḍapa vedi kūpa ruchiraṃ prākāra saṃveṣhṭitaṃ
proktaṃ yogha maṭhasya lakṣhaṇamidaṃ siddhairhaṭhābhyāsibhiḥ || 13 ||","The room should have a small door, be free from holes, hollows, neither too high nor too low, well plastered with cow dung and free from dirt, filth and insects. On its outside there should be bowers, raised platform (chabootrâ), a well, and a compound. These characteristics of a room for Haṭha Yogîs have been described by adepts in the practice of Haṭha.",,,,,https://gyanbharatam.com/manuscript/view?id=9f06fbc7 3682 4966 8d7c 8fb86aaa0275
4,12-13,Haṭha Yoga Pradīpikā,"सुराज्ये धार्मिके देशे सुभिक्ष्हे निरुपद्रवे |
धनुः परमाण पर्यन्तं शिलाग्नि जल वर्जिते |
एकान्ते मठिका मध्ये सथातव्यं हठ योगिना ||
अल्प दवारमरन्ध्र गर्त विवरं नात्युछ्छ नीछायतं
सम्यग गोमय सान्द्र लिप्तममलं निःशेस जन्तूज्झितम |
बाह्ये मण्डप वेदि कूप रुछिरं पराकार संवेष्ह्टितं
परोक्तं योग मठस्य लक्ष्हणमिदं सिद्धैर्हठाभ्यासिभिः ||","surājye dhārmike deśe subhikṣhe nirupadrave |
dhanuḥ paramāṇa paryantaṃ śilāgni jala varjite |
ekānte maṭhikā madhye sathātavyaṃ haṭha yoginā ||
alpa davāramarandhra garta vivaraṃ nātyuchcha nīchāyataṃ
samyaga gomaya sāndra liptamamalaṃ niḥśesa jantūjjhitama |
bāhye maṇḍapa vedi kūpa ruchiraṃ parākāra saṃveṣhṭitaṃ
paroktaṃ yoga maṭhasya lakṣhaṇamidaṃ siddhairhaṭhābhyāsibhiḥ ||","The Yogî should practise Haṭha Yoga in a small room, situated in a solitary place, being 4 cubits square, and free from stones, fire, water, disturbances of all kinds, and in a country where justice is properly administered, where good people live, and food can be obtained easily and plentifully. The room should have a small door, be free from holes, hollows, neither too high nor too low, well plastered with cow dung and free from dirt, filth and insects. On its outside there should be bowers, raised platform (chabootrâ), a well, and a compound. These characteristics of a room for Haṭha Yogîs have been described by adepts in the practice of Haṭha.",What are the specific conditions for the place where one should practice yoga?,योग का अभ्यास करने के लिए उपयुक्त स्थान की विशिष्ट शर्तें क्या हैं?,"The room where one practices yoga should have a small door, no windows, and be free from holes or crevices. The floor should be level and not too high or too low. It should be smeared with cow-dung, clean, and free from all insects. It should be in a solitary, peaceful place ruled by a righteous king, where alms are easily available.","योग साधना के लिए जिस कमरे में अभ्यास किया जाता है, उसमें एक छोटा दरवाजा होना चाहिए, खिड़कियाँ नहीं होनी चाहिए और उसमें कोई छेद या दरार नहीं होनी चाहिए। फर्श समतल होना चाहिए, न अधिक ऊँचा और न अधिक नीचा। फर्श गोबर से लेपा हुआ, साफ-सुथरा और कीड़ों से मुक्त होना चाहिए। यह एकांत, शांत स्थान में होना चाहिए, जहाँ एक धर्मात्मा राजा का शासन हो और जहाँ भिक्षा आसानी से उपलब्ध हो।",https://gyanbharatam.com/manuscript/view?id=9f06fbc7 3682 4966 8d7c 8fb86aaa0275
4,14,Haṭha Yoga Pradīpikā,"एवं विधे मठे सथित्वा सर्व छिन्ता विवर्जितः |
गुरूपदिष्ह्ट मार्गेण योगमेव समभ्यसेत || १४ ||","evaṃ vidhe maṭhe sthitvā sarva chintā vivarjitaḥ |
ghurūpadiṣhṭa mārgheṇa yoghameva samabhyaset || 14 ||","Having seated in such a room and free from all anxieties, he should practise Yoga, as instructed by his guru.",,,,,https://gyanbharatam.com/manuscript/view?id=9f06fbc7 3682 4966 8d7c 8fb86aaa0275
5,15,Haṭha Yoga Pradīpikā,"अत्याहारः परयासश्छ परजल्पो नियमाग्रहः |
जन सङ्गश्छ लौल्यं छ षहड्भिर्योगो विनश्यति ||","atyāhāraḥ parayāsaścha parajalpo niyamāgrahaḥ |
jana saṅgaścha laulyaṃ cha ṣahaḍbhiryogo vinaśyati ||","Yoga is destroyed by the following six causes:—Over eating, exertion, talkativeness, adhering to rules, i.e., cold bath in the morning, eating at night, or eating fruits only, company of men, and unsteadiness.",What are the causes that fails Yoga ?,योग के असफल होने के क्या कारण हैं?,"The six causes that destroy yoga are: 
1. Atyahara or Over-eating
2. Prayasa or Over-exertion or excessive effort
3. Prajalpa or Talkativeness
4. Niyamagraha or Adhering strictly to rules/rituals or mere formalities
5. Janasangha or Being in the company of common people
6. Laulyam or Fickleness or unsteadiness of mind.","योग को नष्ट करने वाले छह कारण ये हैं:
1. अतिभोग
2. अत्यधिक परिश्रम
3. बातूनीपन
4. नियमों का कड़ाई से पालन करना
5. जनसंघ में रहना
6. चंचलता और मन की अस्थिरता",https://gyanbharatam.com/manuscript/view?id=9f06fbc7 3682 4966 8d7c 8fb86aaa0275
5,16,Haṭha Yoga Pradīpikā,"उत्साहात्साहसाद्धैर्यात्तत्त्व जञानाश्छ निश्छयात |
जन सङ्ग परित्यागात्ष्हड्भिर्योगः परसिद्ध्यति ||","utsāhātsāhasāddhairyāttattva jañānāścha niśchayāta |
jana saṅga parityāgātṣhaḍbhiryogaḥ parasiddhyati ||","The following six bring speedy success:—Courage, daring, perseverance, discriminative knowledge, faith, aloofness. from company.",What are the six specific causes that bring success in Yoga?,"
योग में सफलता दिलाने वाले छह विशिष्ट कारण क्या हैं?","The six causes that bring success in yoga are: 
1. Utsaha or Enthusiasm or Cheerfulness
2. Sahasa or Courage
3. Dhairya or Patience/Perseverance
4. Tattva-jnana or Knowledge of the Truth
5. Nishchaya or Determination 
6. Janasangha-parityaga or Abandoning the company of people.","योग में सफलता दिलाने वाले छह कारक हैं:
1. उत्साह या उमंग
2. साहस
3. धैर्य
4. सत्य का ज्ञान
5. दृढ़ संकल्प
6. जनसंघ का त्याग।",https://gyanbharatam.com/manuscript/view?id=9f06fbc7 3682 4966 8d7c 8fb86aaa0275
5,17,Haṭha Yoga Pradīpikā,"अथ यम नियमाः
अहिंसा सत्यमस्तेयं बरह्मछर्यं कष्हमा धॄतिः |
दयार्जवं मिताहारः शौछं छैव यमा दश || १७ ||","atha yama niyamāḥ
ahiṃsā satyamasteyaṃ brahmacharyaṃ kṣhamā dhṝtiḥ |
dayārjavaṃ mitāhāraḥ śauchaṃ chaiva yamā daśa || 17 ||","The ten rules of conduct are: ahiṃsâ (non injuring), truth, non stealing, continence, forgiveness, endurance, compassion, meekness, sparing diet and cleanliness.",,,,,https://gyanbharatam.com/manuscript/view?id=9f06fbc7 3682 4966 8d7c 8fb86aaa0275
5,18,Haṭha Yoga Pradīpikā,"तपः सन्तोष्ह आस्तिक्यं दानमीश्वर पूजनम |
सिद्धान्त वाक्य शरवणं हरीमती छ तपो हुतम |
नियमा दश सम्प्रोक्ता योग शास्त्र विशारदैः || १८ ||","tapaḥ santoṣha āstikyaṃ dānamīśvara pūjanam |
siddhānta vākya śravaṇaṃ hrīmatī cha tapo hutam |
niyamā daśa samproktā yogha śāstra viśāradaiḥ || 18 ||","The ten niyamas mentioned by those proficient in the knowledge of yoga are: Tapa, patience, belief in God, charity, adoration of God, hearing discourses on the principles of religion, shame, intellect, Tapa and Yajña.",,,,,https://gyanbharatam.com/manuscript/view?id=9f06fbc7 3682 4966 8d7c 8fb86aaa0275
5,17-18,Haṭha Yoga Pradīpikā,"अथ यम नियमाः
अहिंसा सत्यमस्तेयं बरह्मछर्यं कष्हमा धॄतिः |
दयार्जवं मिताहारः शौछं छैव यमा दश ||
तपः सन्तोष्ह आस्तिक्यं दानमीश्वर पूजनम |
सिद्धान्त वाक्य शरवणं हरीमती छ तपो हुतम |
नियमा दश सम्प्रोक्ता योग शास्त्र विशारदैः ||","atha yama niyamāḥ
ahiṃsā satyamasteyaṃ barahmacharyaṃ kaṣhamā dhṝtiḥ |
dayārjavaṃ mitāhāraḥ śauchaṃ chaiva yamā daśa ||
tapaḥ santoṣha āstikyaṃ dānamīśvara pūjanama |
siddhānta vākya śaravaṇaṃ harīmatī cha tapo hutama |
niyamā daśa samproktā yoga śāstra viśāradaiḥ ||",,"What are the Yamas , that is, Restraints and Niyamas, that is, Observances in Hatha Yoga?",,"While there are many, the yogic text states that Mitahara or Moderate diet is the most important of the Yamas and Ahimsa or Non-violence is the highest of the Niyamas.","हालांकि कई नियम हैं, योगिक ग्रंथों में कहा गया है कि यमों में सबसे महत्वपूर्ण मिताहारा या संतुलित आहार है और नियमों में सबसे उच्च अहिंसा है।",https://gyanbharatam.com/manuscript/view?id=9f06fbc7 3682 4966 8d7c 8fb86aaa0275
5,19,Haṭha Yoga Pradīpikā,"अथ आसनम
हठस्य परथमाङ्गत्वादासनं पूर्वमुछ्यते |
कुर्यात्तदासनं सथैर्यमारोग्यं छाङ्ग लाघवम || १९ ||","atha āsanam
haṭhasya prathamāngghatvādāsanaṃ pūrvamuchyate |
kuryāttadāsanaṃ sthairyamāroghyaṃ chānggha lāghavam || 19 ||","Being the first accessory of Haṭha Yoga, âsana is described first. It should be practised for gaining steady posture, health and lightness of body.",,,,,https://gyanbharatam.com/manuscript/view?id=9f06fbc7 3682 4966 8d7c 8fb86aaa0275
5,20,Haṭha Yoga Pradīpikā,"वशिष्ह्ठाद्यैश्छ मुनिभिर्मत्स्येन्द्राद्यैश्छ योगिभिः |
अङ्गीकॄतान्यासनानि कथ्यन्ते कानिछिन्मया || २० ||","vaśiṣhṭhādyaiścha munibhirmatsyendrādyaiścha yoghibhiḥ |
angghīkṝtānyāsanāni kathyante kānichinmayā || 20 ||","I am going to describe certain âsanas which have been adopted by Munîs like Vasiṣṭha, etc., and Yogîs like Matsyendra, etc.",,,,,https://gyanbharatam.com/manuscript/view?id=9f06fbc7 3682 4966 8d7c 8fb86aaa0275
5,21,Haṭha Yoga Pradīpikā,"जानूर्वोरन्तरे सम्यक्कॄत्वा पाद तले उभे |
ॠजु कायः समासीनः सवस्तिकं तत्प्रछक्ष्हते ||","jānūrvorantare samyakkṝtvā pāda tale ubhe |
ṝju kāyaḥ samāsīnaḥ savastikaṃ tatprachakṣhate ||","Having kept both the hands under both the thighs, with the body straight, when one sits calmly in this posture, it is called Swastika.",How is Svastikasana or the Auspicious Pose performed?,स्वस्तिकासन या शुभ आसन कैसे किया जाता है?,"To perform the Svastikasana, one should place the soles of the feet completely between the knees and the thighs and then sit straight with the body balanced and at ease.","स्वस्तिकासन करने के लिए, व्यक्ति को अपने पैरों के तलवों को घुटनों और जांघों के बीच पूरी तरह से रखना चाहिए और फिर शरीर को संतुलित और सहज स्थिति में रखते हुए सीधे बैठना चाहिए।",https://gyanbharatam.com/manuscript/view?id=9f06fbc7 3682 4966 8d7c 8fb86aaa0275
5,22,Haṭha Yoga Pradīpikā,"सव्ये दक्ष्हिण गुल्कं तु पॄष्ह्ठ पार्श्वे नियोजयेत |
दक्ष्हिणे|अपि तथा सव्यं गोमुखं गोमुखाकॄतिः || ","savye dakṣhiṇa gulkaṃ tu pṝṣhṭha pārśve niyojayeta |
dakṣhiṇe|api tathā savyaṃ gomukhaṃ gomukhākṝtiḥ || ","Placing the right ankle on the left side and the left ankle on the right side, makes Gomukha âsana, having the appearance of a cow.",How is Gomukhasana or the Cow Face Pose performed?,गोमुखासन कैसे किया जाता है?,"To perform the Gomukhasana, one should place their right ankle next to the left buttock and the left ankle next to the right buttock. This position resembles the face of a cow.","गोमुखासन करने के लिए, व्यक्ति को अपने दाहिने टखने को बाएं नितंब के पास और बाएं टखने को दाहिने नितंब के पास रखना चाहिए। यह स्थिति गाय के चेहरे जैसी दिखती है।",https://gyanbharatam.com/manuscript/view?id=9f06fbc7 3682 4966 8d7c 8fb86aaa0275
5,23,Haṭha Yoga Pradīpikā,"सव्ये दक्ष्हिण गुल्कं तु पॄष्ह्ठ पार्श्वे नियोजयेत |
दक्ष्हिणे|अपि तथा सव्यं गोमुखं गोमुखाकॄतिः ||","savye dakṣhiṇa gulkaṃ tu pṝṣhṭha pārśve niyojayeta |
dakṣhiṇe|api tathā savyaṃ gomukhaṃ gomukhākṝtiḥ ||",One foot is to be placed on the thigh of the opposite side; and so also the other foot on the opposite thigh. This is called Vîrâsana.,How is Virasana or the Hero Pose performed?,वीरासन कैसे किया जाता है?,"To perform the Virasana, one should place one foot firmly on the opposite thigh and the other foot under the opposite thigh. ","वीरासन करने के लिए, एक पैर को विपरीत जांघ पर मजबूती से रखना चाहिए और दूसरे पैर को विपरीत जांघ के नीचे रखना चाहिए।",https://gyanbharatam.com/manuscript/view?id=9f06fbc7 3682 4966 8d7c 8fb86aaa0275
5,24,Haṭha Yoga Pradīpikā,"गुदं निरुध्य गुल्फाभ्यां वयुत्क्रमेण समाहितः |
कूर्मासनं भवेदेतदिति योग विदो विदुः ||","gudaṃ nirudhya gulphābhyāṃ vayutkrameṇa samāhitaḥ |
kūrmāsanaṃ bhavedetaditi yoga vido viduḥ ||","Placing the right ankle on the left side of anus, and the left ankle on the right side of it, makes what the Yogîs call Kûrma âsana.",How is Kurmasana or the Tortoise Pose performed?,कुर्मासन कैसे किया जाता है?,"To perform the Kurmasana, one should press their heels firmly against the perineal region, keeping them crossed beneath the pelvic area. This posture is known as the Tortoise Pose.","कुर्मासन करने के लिए, एड़ियों को श्रोणि क्षेत्र के नीचे क्रॉस करके, पेरिनियल क्षेत्र पर मजबूती से दबाना चाहिए। इस आसन को कछुआ आसन के नाम से जाना जाता है।",https://gyanbharatam.com/manuscript/view?id=9f06fbc7 3682 4966 8d7c 8fb86aaa0275
6,25,Haṭha Yoga Pradīpikā,"पद्मासनं तु संस्थाप्य जानूर्वोरन्तरे करौ |
निवेश्य भूमौ संस्थाप्य वयोमस्थं कुक्कुटासनम ||","padmāsanaṃ tu saṃsthāpya jānūrvorantare karau |
niveśya bhūmau saṃsthāpya vayomasthaṃ kukkuṭāsanama ||","Taking the posture of Padma âsana and carrying the hands under the thighs, when the Yogî raises himself above the ground, with his palms resting on the ground, it becomes Kukkuṭa âsana.",How is Kukkutasana or the Rooster pose performed?,कुक्कुटासन कैसे किया जाता है?,"To perform the Kukkutasana, one should sit in Padmasana. Then, Insert the hands between the thighs and knees and lift the body off the ground, supporting the weight of the body on their hands.","
कुक्कुटासन करने के लिए, पद्मासन में बैठें। फिर, हाथों को जांघों और घुटनों के बीच रखें और शरीर को जमीन से ऊपर उठाएं, शरीर का वजन हाथों पर टिकाएं।",https://gyanbharatam.com/manuscript/view?id=9f06fbc7 3682 4966 8d7c 8fb86aaa0275
6,26,Haṭha Yoga Pradīpikā,"कुक्कुटासन बन्ध सथो दोर्भ्यां सम्बद्य कन्धराम |
भवेद्कूर्मवदुत्तान एतदुत्तान कूर्मकम ||","kukkuṭāsana bandha satho dorbhyāṃ sambadya kandharāma |
bhavedkūrmavaduttāna etaduttāna kūrmakama ||","Having assumed Kukkuṭa âsana, when one grasps his neck by crossing his hands behind his head, and lies in this posture with his back touching the ground, it becomes Uttâna Kûrma âsana, from its appearance like that of a tortoise.",How is Uttana Kurmasana or the Stretching Tortoise Pose performed?,उत्ताना कुर्मासन कैसे किया जाता है?,"To perform the Uttana Kurmasana, one should start in Kukkutasana or the Rooster pose. Then, while balanced on their hands, one must lie flat on the back like a tortoise and catch the neck with the hands.","उत्ताना कुर्मासन करने के लिए, कुक्कुटासन या मुर्गा मुद्रा से शुरुआत करें। फिर, हाथों पर संतुलन बनाए रखते हुए, कछुए की तरह पीठ के बल लेट जाएं और हाथों से गर्दन को पकड़ें।",https://gyanbharatam.com/manuscript/view?id=9f06fbc7 3682 4966 8d7c 8fb86aaa0275
6,27,Haṭha Yoga Pradīpikā,"पादाङ्गुष्ह्ठौ तु पाणिभ्यां गॄहीत्वा शरवणावधि |
धनुराकर्ष्हणं कुर्याद्धनुर आसनमुछ्यते ||","pādāṅguṣhṭhau tu pāṇibhyāṃ gṝhītvā śaravaṇāvadhi |
dhanurākarṣhaṇaṃ kuryāddhanura āsanamuchyate ||","Having caught the toes of the feet with both the hands and carried them to the ears by drawing the body like a bow, it becomes Dhanura âsana.",How is Dhanurasana or the Bow Pose performed?,धनुरासन कैसे किया जाता है?,"To perform the Dhanurasana, one must hold their toes with their hands, with one hand for each foot, and pull them up to the ears, arching the body like a drawn bow.","
धनुरासन करने के लिए, व्यक्ति को अपने पैरों की उंगलियों को हाथों से पकड़ना चाहिए, प्रत्येक पैर के लिए एक हाथ का उपयोग करके, और उन्हें कानों तक खींचना चाहिए, जिससे शरीर एक खींचे हुए धनुष की तरह धनुषाकार हो जाए।",https://gyanbharatam.com/manuscript/view?id=9f06fbc7 3682 4966 8d7c 8fb86aaa0275
6,28,Haṭha Yoga Pradīpikā,"वामोरु मूलार्पित दक्ष्ह पादं
जानोर्बहिर्वेष्ह्टित वाम पादम |
परगॄह्य तिष्ह्ठेत्परिवर्तिताङ्गः
शरी मत्य्सनाथोदितमासनं सयात || २८ ||","vāmoru mūlārpita dakṣha pādaṃ
jānorbahirveṣhṭita vāma pādam |
praghṝhya tiṣhṭhetparivartitāngghaḥ
śrī matysanāthoditamāsanaṃ syāt || 28 ||","Having placed the right foot at the root of the left thigh, let the toe be grasped with the right hand passing over the back, and having placed the left foot on the right thigh at its root, let it be grasped with the left hand passing behind the back. This is the âsana, as explained by Śri Matsyanâtha.",,,,,https://gyanbharatam.com/manuscript/view?id=9f06fbc7 3682 4966 8d7c 8fb86aaa0275
6,29,Haṭha Yoga Pradīpikā,"मत्स्येन्द्र पीठं जठर परदीप्तिं
परछण्ड रुग्मण्डल खण्डनास्त्रम |
अभ्यासतः कुण्डलिनी परबोधं
छन्द्र सथिरत्वं छ ददाति पुंसाम || २९ ||","matsyendra pīṭhaṃ jaṭhara pradīptiṃ
prachaṇḍa rughmaṇḍala khaṇḍanāstram |
abhyāsataḥ kuṇḍalinī prabodhaṃ
chandra sthiratvaṃ cha dadāti puṃsām || 29 ||","It increases appetite and is an instrument for destroying the group of the most deadly diseases. Its practice awakens the Kundalinî, stops the nectar shedding from the moon in people.",,,,,https://gyanbharatam.com/manuscript/view?id=9f06fbc7 3682 4966 8d7c 8fb86aaa0275
6,28-29,Haṭha Yoga Pradīpikā,"वामोरु मूलार्पित दक्ष्ह पादं
जानोर्बहिर्वेष्ह्टित वाम पादम |
परगॄह्य तिष्ह्ठेत्परिवर्तिताङ्गः
शरी मत्य्सनाथोदितमासनं सयात ||
""मत्स्येन्द्र पीठं जठर परदीप्तिं
परछण्ड रुग्मण्डल खण्डनास्त्रम |
अभ्यासतः कुण्डलिनी परबोधं
छन्द्र सथिरत्वं छ ददाति पुंसाम ||","vāmoru mūlārpita dakṣha pādaṃ
jānorbahirveṣhṭita vāma pādama |
paragṝhya tiṣhṭhetparivartitāṅgaḥ
śarī matysanāthoditamāsanaṃ sayāta ||
""matsyendra pīṭhaṃ jaṭhara paradīptiṃ
parachaṇḍa rugmaṇḍala khaṇḍanāstrama |
abhyāsataḥ kuṇḍalinī parabodhaṃ
chandra sathiratvaṃ cha dadāti puṃsāma ||",,What are the specific benefits of Matsyendrasana  or The Spinal Twist?,"
मत्स्येंद्रासन के विशिष्ट लाभ क्या हैं?","Practicing the Matsyendrasana stimulates the digestive fire , destroys terrible diseases, and awakens the dormant energy. It also steadies the moon fluid and stops aging.","
मत्स्येंद्रासन का अभ्यास पाचन अग्नि को उत्तेजित करता है, गंभीर रोगों को नष्ट करता है और सुप्त ऊर्जा को जागृत करता है। यह चंद्र द्रव को भी स्थिर करता है और वृद्धावस्था को रोकता है।",https://gyanbharatam.com/manuscript/view?id=9f06fbc7 3682 4966 8d7c 8fb86aaa0275
6,30,Haṭha Yoga Pradīpikā,"परसार्य पादौ भुवि दण्ड रूपौ
दोर्भ्यां पदाग्र दवितयं गॄहीत्वा |
जानूपरिन्यस्त ललाट देशो
वसेदिदं पश्छिमतानमाहुः ||","parasārya pādau bhuvi daṇḍa rūpau
dorbhyāṃ padāgra davitayaṃ gṝhītvā |
jānūparinyasta lalāṭa deśo
vasedidaṃ paśchimatānamāhuḥ ||","Having stretched the feet on the ground, like a stick, and having grasped the toes of both the feet with both the hands, when one sits with his forehead resting on the thighs, it is called Paśchima Tâna.",How is Paschimottanasana or the Back Stretching Pose performed?,पश्चिमोत्तानासन कैसे किया जाता है?,To perform the Paschimottanasana one should stretch their legs straight on the ground like a stick and old their toes with their hands and place their forehead on their knees.,पश्चिमोत्तानासन करने के लिए व्यक्ति को अपने पैरों को जमीन पर एक छड़ी की तरह सीधा फैलाना चाहिए और अपने हाथों से अपने पैर की उंगलियों को पकड़ना चाहिए और अपने माथे को अपने घुटनों पर रखना चाहिए।,https://gyanbharatam.com/manuscript/view?id=9f06fbc7 3682 4966 8d7c 8fb86aaa0275
6,31,Haṭha Yoga Pradīpikā,"इति पश्छिमतानमासनाग्र्यं
पवनं पश्छिम वाहिनं करोति |
उदयं जठरानलस्य कुर्याद
उदरे कार्श्यमरोगतां छ पुंसाम ||","iti paśchimatānamāsanāgryaṃ
pavanaṃ paśchima vāhinaṃ karoti |
udayaṃ jaṭharānalasya kuryāda
udare kārśyamarogatāṃ cha puṃsāma ||","This Paśchima Tâna carries the air from the front to the back part of the body (i.e., to the suṣumna). It kindles gastric fire, reduces obesity and cures all diseases of men.31.

",What are the benefits of Paschimottanasana asana or the Back Stretching Pose?,पश्चिमोत्तानासन के क्या लाभ हैं?,"The benefits of Paschimottanasana is that it is the best among Asanas. It makes the breath flow through the central channel, stimulates the digestive fire, reduces obesity and cures diseases of men.","
पश्चिमोत्तानासन के लाभों में से एक यह है कि यह आसनों में सर्वश्रेष्ठ है। यह श्वास को मध्य नलिका से प्रवाहित करता है, पाचन अग्नि को उत्तेजित करता है, मोटापा कम करता है और पुरुषों के रोगों को दूर करता है।",https://gyanbharatam.com/manuscript/view?id=9f06fbc7 3682 4966 8d7c 8fb86aaa0275
7,32,Haṭha Yoga Pradīpikā,"धरामवष्ह्टभ्य कर दवयेन
तत कूर्पर सथापित नाभि पार्श्वः |
उछ्छासनो दण्डवदुत्थितः खे
मायूरमेतत्प्रवदन्ति पीठम ||","dharāmavaṣhṭabhya kara davayena
tata kūrpara sathāpita nābhi pārśvaḥ |
uchchāsano daṇḍavadutthitaḥ khe
māyūrametatpravadanti pīṭhama ||","Place the palms of both the hands on the ground, and place the navel on both the elbows and balancing thus, the body should be stretched backward like a stick. This is called Mayûra âsana.",How is Mayurasana or the Peacock Pose performed?,मयूरासन कैसे किया जाता है?,To perform the Mayurasana one should place their palms on the ground and support the sides of the navel with the elbows. Then one should lift their body in the air like a horizontal stick.,मयूरासन करने के लिए हथेलियों को जमीन पर रखें और कोहनियों से नाभि के किनारों को सहारा दें। फिर शरीर को क्षैतिज छड़ी की तरह हवा में उठाएं।,https://gyanbharatam.com/manuscript/view?id=9f06fbc7 3682 4966 8d7c 8fb86aaa0275
7,33,Haṭha Yoga Pradīpikā,"हरति सकल रोगानाशु गुल्मोदरादीन
अभिभवति छ दोष्हानासनं शरी मयूरम |
बहु कदशन भुक्तं भस्म कुर्यादशेष्हं
जनयति जठराग्निं जारयेत्काल कूटम ||","harati sakala rogānāśu gulmodarādīna
abhibhavati cha doṣhānāsanaṃ śarī mayūrama |
bahu kadaśana bhuktaṃ bhasma kuryādaśeṣhaṃ
janayati jaṭharāgniṃ jārayetkāla kūṭama ||","This Âsana soon destroys all diseases, and removes abdominal disorders, and also those arising from irregularities of phlegm, bile and wind, digests unwholesome food taken in excess, increases appetite and destroys the most deadly poison.",What are the powerful benefits of Mayurasana?,मयूरासन के शक्तिशाली लाभ क्या हैं?,"The benefits of Mayurasana are that it destroys all diseases of the stomach, cures imbalances of the three humors or Doshas, and increases appetite so much that one can digest even deadly poison.","
मयूरासन के लाभ यह हैं कि यह पेट के सभी रोगों को नष्ट करता है, तीनों दोषों के असंतुलन को ठीक करता है, और भूख को इतना बढ़ा देता है कि व्यक्ति घातक जहर को भी पचा सकता है।",https://gyanbharatam.com/manuscript/view?id=9f06fbc7 3682 4966 8d7c 8fb86aaa0275
7,34,Haṭha Yoga Pradīpikā,"उत्तानं शबवद्भूमौ शयनं तछ्छवासनम |
शवासनं शरान्ति हरं छित्त विश्रान्ति कारकम ||","uttānaṃ śabavadbhūmau śayanaṃ tachchavāsanama |
śavāsanaṃ śarānti haraṃ chitta viśrānti kārakama ||","Lying down on the ground, like a corpse, is called Śava âsana. It removes fatigue and gives rest to the mind.",Which yogasana helps in relieving fatigue?,कौन सा योगासन थकान दूर करने में सहायक होता है?,"Yogasana that helps in relieving fatigue is Savasana (Corpse Pose). To do this, simply lie flat on your back, keep your eyes closed, stay completely still, and breathe naturally. It is the most effective way to relax a fatigued body.","शवासन थकान दूर करने में सहायक योगासन है। इसे करने के लिए, पीठ के बल सीधे लेट जाएं, आंखें बंद रखें, बिल्कुल स्थिर रहें और स्वाभाविक रूप से सांस लें। यह थके हुए शरीर को आराम देने का सबसे कारगर तरीका है।",https://gyanbharatam.com/manuscript/view?id=9f06fbc7 3682 4966 8d7c 8fb86aaa0275
7,35,Haṭha Yoga Pradīpikā,"छतुरशीत्यासनानि शिवेन कथितानि छ |
तेभ्यश्छतुष्ह्कमादाय सारभूतं बरवीम्यहम || ३५ ||","chaturaśītyāsanāni śivena kathitāni cha |
tebhyaśchatuṣhkamādāya sārabhūtaṃ bravīmyaham || 35 ||","Śiva taught 84 âsanas. Of these the first four being essential ones, I am going to explain them here.",,,,,https://gyanbharatam.com/manuscript/view?id=9f06fbc7 3682 4966 8d7c 8fb86aaa0275
7,36,Haṭha Yoga Pradīpikā,"सिद्धं पद्मं तथा सिंहं भद्रं वेति छतुष्ह्टयम |
शरेष्ह्ठं तत्रापि छ सुखे तिष्ह्ठेत्सिद्धासने सदा || ३६ ||","siddhaṃ padmaṃ tathā siṃhaṃ bhadraṃ veti chatuṣhṭayam |
śreṣhṭhaṃ tatrāpi cha sukhe tiṣhṭhetsiddhāsane sadā || 36 ||","These four are:—The Siddha, Padma, Sinha and Bhadra. Even of these, the Siddha âsana, being very comfortable, one should always practise it.",,,,,https://gyanbharatam.com/manuscript/view?id=9f06fbc7 3682 4966 8d7c 8fb86aaa0275
7,35-36,Haṭha Yoga Pradīpikā,"छतुरशीत्यासनानि शिवेन कथितानि छ |
तेभ्यश्छतुष्ह्कमादाय सारभूतं बरवीम्यहम || 
सिद्धं पद्मं तथा सिंहं भद्रं वेति छतुष्ह्टयम |
शरेष्ह्ठं तत्रापि छ सुखे तिष्ह्ठेत्सिद्धासने सदा ||","chaturaśītyāsanāni śivena kathitāni cha |
tebhyaśchatuṣhkamādāya sārabhūtaṃ baravīmyahama || 
siddhaṃ padmaṃ tathā siṃhaṃ bhadraṃ veti chatuṣhṭayama |
śareṣhṭhaṃ tatrāpi cha sukhe tiṣhṭhetsiddhāsane sadā ||",,Which four Asanas are considered the most essential out of the 84 taught by Shiva?,"
शिव द्वारा सिखाए गए 84 आसनों में से कौन से चार आसन सबसे आवश्यक माने जाते हैं?","The four most essential Asanas are: 
1. Siddhasana
2. Padmasana 
3. Simhasana 
4. Bhadrasana 
Among these, Siddhasana is considered the very best.","चार सबसे आवश्यक आसन हैं:
1. सिद्धासन
2. पद्मासन
3. सिंहासन
4. भद्रासन
इनमें से सिद्धासन को सर्वश्रेष्ठ माना जाता है।",https://gyanbharatam.com/manuscript/view?id=9f06fbc7 3682 4966 8d7c 8fb86aaa0275
7,37,Haṭha Yoga Pradīpikā,"अथ सिद्धासनम
योनि सथानकमङ्घ्रि मूल घटितं कॄत्वा दॄढं विन्यसेत
मेण्ढ्रे पादमथैकमेव हॄदये कॄत्वा हनुं सुस्थिरम |
सथाणुः संयमितेन्द्रियो|अछल दॄशा पश्येद्भ्रुवोरन्तरं
हयेतन्मोक्ष्ह कपाट भेद जनकं सिद्धासनं परोछ्यते ||","atha siddhāsanama
yoni sathānakamaṅghri mūla ghaṭitaṃ kṝtvā dṝḍhaṃ vinyaseta
meṇḍhre pādamathaikameva hṝdaye kṝtvā hanuṃ susthirama |
sathāṇuḥ saṃyamitendriyo|achala dṝśā paśyedbhruvorantaraṃ
hayetanmokṣha kapāṭa bheda janakaṃ siddhāsanaṃ parochyate ||","Press firmly the heel of the left foot against the perineum, and the right heel above the male organ. With the chin pressing on the chest, one should sit calmly, having restrained the senses, and gaze steadily the space between the eyebrows. This is called the Siddha Âsana, the opener of the door of salvation.",How exactly is Siddhasana performed?,"
सिद्धासन किस प्रकार किया जाता है?","Press the left heel firmly against the perineum and place the right heel just above the genital organ. The chin should be pressed firmly against the chest. The senses should be controlled, and the gaze fixed steadily on the space between the eyebrows.","
बाएं पैर की एड़ी को पेरिनियम पर मजबूती से दबाएं और दाएं पैर की एड़ी को जननांग के ठीक ऊपर रखें। ठुड्डी को छाती से मजबूती से दबाकर रखें। इंद्रियों को नियंत्रित रखें और दृष्टि को भौंहों के बीच की जगह पर स्थिर रखें।",https://gyanbharatam.com/manuscript/view?id=9f06fbc7 3682 4966 8d7c 8fb86aaa0275
7,38,Haṭha Yoga Pradīpikā,"मेण्ढ्रादुपरि विन्यस्य सव्यं गुल्फं तथोपरि |
गुल्फान्तरं छ निक्ष्हिप्य सिद्धासनमिदं भवेत || ३८ ||

","meṇḍhrādupari vinyasya savyaṃ ghulphaṃ tathopari |
ghulphāntaraṃ cha nikṣhipya siddhāsanamidaṃ bhavet || 38 ||","This Siddhâsana is performed also by placing the left heel on Meḍhra (above the male organ), and then placing the right one on it.",,,,,https://gyanbharatam.com/manuscript/view?id=9f06fbc7 3682 4966 8d7c 8fb86aaa0275
8,39,Haṭha Yoga Pradīpikā,"एतत्सिद्धासनं पराहुरन्ये वज्रासनं विदुः |
मुक्तासनं वदन्त्येके पराहुर्गुप्तासनं परे || ३९ ||

","etatsiddhāsanaṃ prāhuranye vajrāsanaṃ viduḥ |
muktāsanaṃ vadantyeke prāhurghuptāsanaṃ pare || 39 ||","Some call this Siddhâsana, some Vajrâsana. Others call it Mukta Âsana or Gupta Âsana.",,,,,https://gyanbharatam.com/manuscript/view?id=9f06fbc7 3682 4966 8d7c 8fb86aaa0275
8,40,Haṭha Yoga Pradīpikā,"यमेष्ह्विव मिताहारमहिंसा नियमेष्ह्विव |
मुख्यं सर्वासनेष्ह्वेकं सिद्धाः सिद्धासनं विदुः || ४० ||","yameṣhviva mitāhāramahiṃsā niyameṣhviva |
mukhyaṃ sarvāsaneṣhvekaṃ siddhāḥ siddhāsanaṃ viduḥ || 40 ||

","Just as sparing food is among Yamas, and Ahiṃsâ among the Niyamas, so is Siddhâsana called by adepts the chief of all the âsanas.",,,,,https://gyanbharatam.com/manuscript/view?id=9f06fbc7 3682 4966 8d7c 8fb86aaa0275
8,41,Haṭha Yoga Pradīpikā,"छतुरशीति पीठेष्हु सिद्धमेव सदाभ्यसेत |
दवासप्तति सहस्राणां नाडीनां मल शोधनम || ४१ ||","chaturaśīti pīṭheṣhu siddhameva sadābhyaset |
dvāsaptati sahasrāṇāṃ nāḍīnāṃ mala śodhanam || 41 ||","Out of the 84 Âsanas Siddhâsana should always be practised, because it cleanses the impurities of 72,000 nâḍîs.",,,,,https://gyanbharatam.com/manuscript/view?id=9f06fbc7 3682 4966 8d7c 8fb86aaa0275
8,42,Haṭha Yoga Pradīpikā,"आत्म धयायी मिताहारी यावद्द्वादश वत्सरम |
सदा सिद्धासनाभ्यासाद्योगी निष्ह्पत्तिमाप्नुयात || ४२ ||","ātma dhyāyī mitāhārī yāvaddvādaśa vatsaram |
sadā siddhāsanābhyāsādyoghī niṣhpattimāpnuyāt || 42 ||","By contemplating on oneself, by eating sparingly, and by practising Siddhâsana for 12 years, the Yogî obtains success.",,,,,https://gyanbharatam.com/manuscript/view?id=9f06fbc7 3682 4966 8d7c 8fb86aaa0275
8,43,Haṭha Yoga Pradīpikā,"किमन्यैर्बहुभिः पीठैः सिद्धे सिद्धासने सति |
पराणानिले सावधाने बद्धे केवल कुम्भके |
उत्पद्यते निरायासात्स्वयमेवोन्मनी कला || ४३ ||","kimanyairbahubhiḥ pīṭhaiḥ siddhe siddhāsane sati |
prāṇānile sāvadhāne baddhe kevala kumbhake |
utpadyate nirāyāsātsvayamevonmanī kalā || 43 ||","Other postures are of no use, when success has been achieved in Siddhâsana, and Prâṇa Vâyû becomes calm and restrained by Kevala Kumbhaka.",,,,,https://gyanbharatam.com/manuscript/view?id=9f06fbc7 3682 4966 8d7c 8fb86aaa0275
8,44,Haṭha Yoga Pradīpikā,"तथैकास्मिन्नेव दॄढे सिद्धे सिद्धासने सति |
बन्ध तरयमनायासात्स्वयमेवोपजायते || ४४ ||","tathaikāsminneva dṝḍhe siddhe siddhāsane sati |
bandha trayamanāyāsātsvayamevopajāyate || 44 ||

","Success in one Siddhâsana alone becoming firmly established, one gets Unmanî at once, and the three bonds (Bandhas) are accomplished of themselves.",,,,,https://gyanbharatam.com/manuscript/view?id=9f06fbc7 3682 4966 8d7c 8fb86aaa0275
8,45,Haṭha Yoga Pradīpikā,"नासनं सिद्ध सदॄशं न कुम्भः केवलोपमः |
न खेछरी समा मुद्रा न नाद सदॄशो लयः || ४५ ||","nāsanaṃ siddha sadṝśaṃ na kumbhaḥ kevalopamaḥ |
na khecharī samā mudrā na nāda sadṝśo layaḥ || 45 ||",There is no Âsana like the Siddhâsana and no Kumbhaka like the Kevala. There is no mudrâ like the Khechari and no laya like the Nâda (Anâhata Nâda.),,,,,https://gyanbharatam.com/manuscript/view?id=9f06fbc7 3682 4966 8d7c 8fb86aaa0275
9,46,Haṭha Yoga Pradīpikā,"अथ पद्मासनम
वामोरूपरि दक्ष्हिणं छ छरणं संस्थाप्य वामं तथा
दक्ष्होरूपरि पश्छिमेन विधिना धॄत्वा कराभ्यां दॄढम |
अङ्गुष्ह्ठौ हॄदये निधाय छिबुकं नासाग्रमालोकयेत
एतद्व्याधि विनाश कारि यमिनां पद्मासनं परोछ्यते || ४६ ||","atha padmāsanam
vāmorūpari dakṣhiṇaṃ cha charaṇaṃ saṃsthāpya vāmaṃ tathā
dakṣhorūpari paśchimena vidhinā dhṝtvā karābhyāṃ dṝḍham |
angghuṣhṭhau hṝdaye nidhāya chibukaṃ nāsāghramālokayet
etadvyādhi vināśa kāri yamināṃ padmāsanaṃ prochyate || 46 ||","Place the right foot on the left thigh and the left foot on the right thigh, and grasp the toes with the hands crossed over the back. Press the chin against the chest and gaze on the tip of the nose. This is called the Padmâsana, the destroyer of the diseases of the Yamîs.",,,,,https://gyanbharatam.com/manuscript/view?id=9f06fbc7 3682 4966 8d7c 8fb86aaa0275
9,47,Haṭha Yoga Pradīpikā,"उत्तानौ छरणौ कॄत्वा ऊरु संस्थौ परयत्नतः |
ऊरु मध्ये तथोत्तानौ पाणी कॄत्वा ततो दॄशौ || ४७ ||","uttānau charaṇau kṝtvā ūru saṃsthau prayatnataḥ |
ūru madhye tathottānau pāṇī kṝtvā tato dṝśau || 47 ||","Place the feet on the thighs, with the soles upwards, and place the hands on the thighs, with the palms upwards.

",,,,,https://gyanbharatam.com/manuscript/view?id=9f06fbc7 3682 4966 8d7c 8fb86aaa0275
9,48,Haṭha Yoga Pradīpikā,"नासाग्रे विन्यसेद्राजद अन्त मूले तु जिह्वया |
उत्तम्भ्य छिबुकं वक्ष्हस्युत्थाप्य पवनं शनैः || ४८ ||","nāsāghre vinyasedrājad anta mūle tu jihvayā |
uttambhya chibukaṃ vakṣhasyutthāpy pavanaṃ śanaiḥ || 48 ||","Gaze on the tip of the nose, keeping the tongue pressed against the root of the teeth of the upper jaw, and the chin against the chest, and raise the air up slowly, i.e., pull the apâna vâyû gently upwards.",,,,,https://gyanbharatam.com/manuscript/view?id=9f06fbc7 3682 4966 8d7c 8fb86aaa0275
9,49,Haṭha Yoga Pradīpikā,"इदं पद्मासनं परोक्तं सर्व वयाधि विनाशनम |
दुर्लभं येन केनापि धीमता लभ्यते भुवि || ४९ ||","idaṃ padmāsanaṃ proktaṃ sarva vyādhi vināśanam |
durlabhaṃ yena kenāpi dhīmatā labhyate bhuvi || 49 ||","This is called the Padmâsana, the destroyer of all diseases. It is difficult of attainment by everybody, but can be learnt by intelligent people in this world.",,,,,https://gyanbharatam.com/manuscript/view?id=9f06fbc7 3682 4966 8d7c 8fb86aaa0275
9,50,Haṭha Yoga Pradīpikā,"कॄत्वा सम्पुटितौ करौ दॄढतरं बद्ध्वा तु पद्ममासनं
गाढं वक्ष्हसि सन्निधाय छिबुकं धयायंश्छ तछ्छेतसि |
वारं वारमपानमूर्ध्वमनिलं परोत्सारयन्पूरितं
नयञ्छन्प्राणमुपैति बोधमतुलं शक्ति परभावान्नरः || ५० ||","kṝtvā sampuṭitau karau dṝḍhataraṃ baddhvā tu padmamāsanaṃ
ghāḍhaṃ vakṣhasi sannidhāya chibukaṃ dhyāyaṃścha tachchetasi |
vāraṃ vāramapānamūrdhvamanilaṃ protsārayanpūritaṃ
nyañchanprāṇamupaiti bodhamatulaṃ śakti prabhāvānnaraḥ || 50 ||","Having kept both the hands together in the lap, performing the Padmâsana firmly, keeping the chin Fixed to the chest and contemplating on Him in the mind, by drawing the apâna vâyû up (performing Mûla Bandha) and pushing down the air after inhaling it, joining thus the prâṇa and apâna in the navel, one gets the highest intelligence by awakening the śakti (kundalinî) thus.",,,,,https://gyanbharatam.com/manuscript/view?id=9f06fbc7 3682 4966 8d7c 8fb86aaa0275
9,51,Haṭha Yoga Pradīpikā,"पद्मासने सथितो योगी नाडी दवारेण पूरितम |
मारुतं धारयेद्यस्तु स मुक्तो नात्र संशयः || ५१ ||","padmāsane sthito yoghī nāḍī dvāreṇa pūritam |
mārutaṃ dhārayedyastu sa mukto nātra saṃśayaḥ || 51 ||

","The Yogî who, sitting with Padmâsana, can control breathing, there is no doubt, is free from bondage.",,,,,https://gyanbharatam.com/manuscript/view?id=9f06fbc7 3682 4966 8d7c 8fb86aaa0275
10,52,Haṭha Yoga Pradīpikā,"अथ सिंहासनम
गुल्फौ छ वॄष्हणस्याधः सीवन्त्याः पार्श्वयोः कष्हिपेत |
दक्ष्हिणे सव्य गुल्फं तु दक्ष्ह गुल्फं तु सव्यके || ५२ ||","atha siṃhāsanam
ghulphau cha vṝṣhaṇasyādhaḥ sīvantyāḥ pārśvayoḥ kṣhipet |
dakṣhiṇe savya ghulphaṃ tu dakṣha ghulphaṃ tu savyake || 52 ||","Press the heels on both sides of the seam of Perineum, in such a way that the left heel touches the right side and the right heel touches the left side of it.",,,,,https://gyanbharatam.com/manuscript/view?id=9f06fbc7 3682 4966 8d7c 8fb86aaa0275
10,53,Haṭha Yoga Pradīpikā,"हस्तौ तु जान्वोः संस्थाप्य सवाङ्गुलीः सम्प्रसार्य छ |
वयात्त वक्तो निरीक्ष्हेत नासाग्रं सुसमाहितः || ५३ ||

","hastau tu jānvoḥ saṃsthāpya svāngghulīḥ samprasārya cha |
vyātta vakto nirīkṣheta nāsāghraṃ susamāhitaḥ || 53 ||

","Place the hands on the thighs, with stretched fingers, and keeping the mouth open and the mind collected, gaze on the tip of the nose.",,,,,https://gyanbharatam.com/manuscript/view?id=9f06fbc7 3682 4966 8d7c 8fb86aaa0275
10,54,Haṭha Yoga Pradīpikā,"सिंहासनं भवेदेतत्पूजितं योगि पुणगवैः |
बन्ध तरितय सन्धानं कुरुते छासनोत्तमम || ५४ ||","siṃhāsanaṃ bhavedetatpūjitaṃ yoghi pungghavaiḥ |
bandha tritaya sandhānaṃ kurute chāsanottamam || 54 ||","This is Siṃhâsana, held sacred by the best of Yogîs. This excellent Âsana effects the completion of the three Bandhas (The Mûlabandha, Kanṭha or Jâlandhar Bandha and Uḍḍiyâna Bandha).",,,,,https://gyanbharatam.com/manuscript/view?id=9f06fbc7 3682 4966 8d7c 8fb86aaa0275
10,55,Haṭha Yoga Pradīpikā,"अथ भद्रासनम
गुल्फौ छ वॄष्हणस्याधः सीवन्त्याः पार्श्वयोः कष्हिप्ते |
सव्य गुल्फं तथा सव्ये दक्ष्ह गुल्फं तु दक्ष्हिणे || ५५ ||","atha bhadrāsanam
ghulphau cha vṝṣhaṇasyādhaḥ sīvantyāḥ pārśvayoḥ kṣhipte |
savya ghulphaṃ tathā savye dakṣha ghulphaṃ tu dakṣhiṇe || 55 ||","Place the heels on either side of the seam of the Perineum, keeping the left heel on the left side and the right one on the right side, ",,,,,https://gyanbharatam.com/manuscript/view?id=9f06fbc7 3682 4966 8d7c 8fb86aaa0275
10,56,Haṭha Yoga Pradīpikā,"पार्श्व पादौ छ पाणिभ्यां दॄढं बद्ध्वा सुनिश्छलम |
भद्रासनं भवेदेतत्सर्व वयाधि विनाशनम |
गोरक्ष्हासनमित्याहुरिदं वै सिद्ध योगिनः || ५६ ||","pārśva pādau cha pāṇibhyāṃ dṝḍhaṃ baddhvā suniśchalam |
bhadrāsanaṃ bhavedetatsarva vyādhi vināśanam |
ghorakṣhāsanamityāhuridaṃ vai siddha yoghinaḥ || 56 ||

",hold the feet firmly joined to one another with both the hands. This Bhadrâsana is the destroyer of all the diseases.,,,,,https://gyanbharatam.com/manuscript/view?id=9f06fbc7 3682 4966 8d7c 8fb86aaa0275
10,57,Haṭha Yoga Pradīpikā,"एवमासन बन्धेष्हु योगीन्द्रो विगत शरमः |
अभ्यसेन्नाडिका शुद्धिं मुद्रादि पवनी करियाम || ५७ ||","evamāsana bandheṣhu yoghīndro vighata śramaḥ |
abhyasennāḍikā śuddhiṃ mudrādi pavanī kriyām || 57 ||","The expert Yogîs call this Gorakśa âsana. By sitting with this âsana, the Yogî gets rid of fatigue",,,,,https://gyanbharatam.com/manuscript/view?id=9f06fbc7 3682 4966 8d7c 8fb86aaa0275
10,58,Haṭha Yoga Pradīpikā,"आसनं कुम्भकं छित्रं मुद्राख्यं करणं तथा |
अथ नादानुसन्धानमभ्यासानुक्रमो हठे || ५८ ||

","āsanaṃ kumbhakaṃ chitraṃ mudrākhyaṃ karaṇaṃ tathā |
atha nādānusandhānamabhyāsānukramo haṭhe || 58 ||","The Nâdis should be cleansed of their impurities by performing the mudrâs, etc., (which are the practices relating to the air) Âsanas, Kumbhakas and various curious mûdrâs.",,,,,https://gyanbharatam.com/manuscript/view?id=9f06fbc7 3682 4966 8d7c 8fb86aaa0275
11,59,Haṭha Yoga Pradīpikā,"बरह्मछारी मिताहारी तयागी योग परायणः |
अब्दादूर्ध्वं भवेद्सिद्धो नात्र कार्या विछारणा || ५९ ||","brahmachārī mitāhārī tyāghī yogha parāyaṇaḥ |
abdādūrdhvaṃ bhavedsiddho nātra kāryā vichāraṇā || 59 ||","By regular and close attention to Nâda (anâhata nâda) in Haṭha Yoga, a Brahmachari, sparing in diet, unattached to objects of enjoyment, and devoted to Yoga, gains success, no doubt, within a year.",,,,,https://gyanbharatam.com/manuscript/view?id=9f06fbc7 3682 4966 8d7c 8fb86aaa0275
11,60,Haṭha Yoga Pradīpikā,"सुस्निग्ध मधुराहारश्छतुर्थांश विवर्जितः |
भुज्यते शिव सम्प्रीत्यै मिताहारः स उछ्यते ||","susnigdha madhurāhāraśchaturthāṃśa vivarjitaḥ |
bhujyate śiva samprītyai mitāhāraḥ sa uchyate ||","Abstemious feeding is that in which ¾ of hunger is satisfied with food, well cooked with ghee and sweets, and eaten with the offering of it to Śiva.",What is the specific definition of Mitahara or Moderate Diet?,"
मिताहारा या संतुलित आहार की विशिष्ट परिभाषा क्या है?","Mitahara is defined as eating food that is sweet and unctuous, that is, lubricating or oily. One should fill half the stomach with food, one quarter with water, and leave the remaining fourth quarter empty for the movement of air and to please the deity.","मिताहारा का अर्थ है मीठा और चिकना भोजन करना, यानी तैलीय या चिकनाई युक्त भोजन। व्यक्ति को आधा पेट भोजन से, एक चौथाई पानी से भरना चाहिए और शेष एक चौथाई हवा के आवागमन के लिए और देवता को प्रसन्न करने के लिए खाली छोड़ देना चाहिए।",https://gyanbharatam.com/manuscript/view?id=9f06fbc7 3682 4966 8d7c 8fb86aaa0275
11,61,Haṭha Yoga Pradīpikā,"कट्वाम्ल तीक्ष्ह्ण लवणोष्ह्ण हरीत शाक 
सौवीर तैल तिल सर्ष्हप मद्य मत्स्यान |
आजादि मांस दधि तक्र कुलत्थकोल 
पिण्याक हिङ्गु लशुनाद्यमपथ्यमाहुः ||","kaṭvāmla tīkṣhṇa lavaṇoṣhṇa harīta śāka 
sauvīra taila tila sarṣhapa madya matsyāna |
ājādi māṃsa dadhi takra kulatthakola 
piṇyāka hiṅgu laśunādyamapathyamāhuḥ ||","Bitter, sour, saltish, hot, green vegetables, fermented, oily, mixed with til seed, rape seed, intoxicating liquors, fish, meat, curds, chhaasa pulses, plums, oil cake, asafœtida (hînga), garlic, onion, etc., should not be eaten.",Which foods should be avoided for good health?,अच्छे स्वास्थ्य के लिए किन खाद्य पदार्थों से परहेज करना चाहिए?,"Foods that should be avoided for good health includes things that are extremely spicy, sour, salty, or oily. It is also best to avoid alcohol, sour gruel, heavy meats, garlic, and onions, as these can make the body feel restless and increase internal heat.","अच्छे स्वास्थ्य के लिए जिन खाद्य पदार्थों से परहेज करना चाहिए उनमें अत्यधिक मसालेदार, खट्टे, नमकीन या तैलीय पदार्थ शामिल हैं। इसके अलावा, शराब, खट्टी दलिया, भारी मांस, लहसुन और प्याज से भी परहेज करना चाहिए, क्योंकि ये शरीर में बेचैनी पैदा कर सकते हैं और आंतरिक गर्मी बढ़ा सकते हैं।",https://gyanbharatam.com/manuscript/view?id=9f06fbc7 3682 4966 8d7c 8fb86aaa0275
11,62,Haṭha Yoga Pradīpikā,"भोजनमहितं विद्यात्पुनरस्योष्ह्णी कॄतं रूक्ष्हम |
अतिलवणमम्ल युक्तं कदशन शाकोत्कं वर्ज्यम ||","bhojanamahitaṃ vidyātpunarasyoṣhṇī kṝtaṃ rūkṣhama |
atilavaṇamamla yuktaṃ kadaśana śākotkaṃ varjyama ||","Food heated again, dry, having too much salt, sour, minor grains, and vegetables that cause burning sensation, should not be eaten, Fire, women, travelling, etc., should be avoided.",,,,,https://gyanbharatam.com/manuscript/view?id=9f06fbc7 3682 4966 8d7c 8fb86aaa0275
11,61-62,Haṭha Yoga Pradīpikā,"कट्वाम्ल तीक्ष्ह्ण लवणोष्ह्ण हरीत शाक 
सौवीर तैल तिल सर्ष्हप मद्य मत्स्यान |
आजादि मांस दधि तक्र कुलत्थकोल 
पिण्याक हिङ्गु लशुनाद्यमपथ्यमाहुः ||
""भोजनमहितं विद्यात्पुनरस्योष्ह्णी कॄतं रूक्ष्हम |
अतिलवणमम्ल युक्तं कदशन शाकोत्कं वर्ज्यम ||","kaṭvāmla tīkṣhṇa lavaṇoṣhṇa harīta śāka 
sauvīra taila tila sarṣhapa madya matsyāna |
ājādi māṃsa dadhi takra kulatthakola 
piṇyāka hiṅgu laśunādyamapathyamāhuḥ ||
""bhojanamahitaṃ vidyātpunarasyoṣhṇī kṝtaṃ rūkṣhama |
atilavaṇamamla yuktaṃ kadaśana śākotkaṃ varjyama ||",,What specific foods are strictly prohibited for a Yogi?,"
योगी के लिए कौन-कौन से विशिष्ट खाद्य पदार्थ पूरी तरह से वर्जित हैं?","A Yogi should avoid foods that are bitter, sour, pungent, salty, heating, and dry. Specifically prohibited items include: sour gruel, oil, mustard, sesame, fish, meat, alcohol, curds, buttermilk, horse gram , fruit of the jujube, oil cakes, asafoetida, and garlic. Reheated or stale food is also forbidden. ","योगी को कड़वे, खट्टे, तीखे, नमकीन, गर्म और सूखे खाद्य पदार्थों से परहेज करना चाहिए। विशेष रूप से वर्जित वस्तुओं में शामिल हैं: खट्टी दलिया, तेल, सरसों, तिल, मछली, मांस, शराब, दही, छाछ, चना दाल, बेर, खली, हींग और लहसुन। दोबारा गर्म किया हुआ या बासी भोजन भी वर्जित है।",https://gyanbharatam.com/manuscript/view?id=9f06fbc7 3682 4966 8d7c 8fb86aaa0275
11,63,Haṭha Yoga Pradīpikā,वह्नि सत्री पथि सेवानामादौ वर्जनमाछरेत || ६३ ||,vahni strī pathi sevānāmādau varjanamācharet || 63 ||,"As said by Gorakṣa, one should keep aloof from the society of the evil minded, fire, women, travelling, early morning bath, fasting, and all kinds of bodily exertion.",,,,,https://gyanbharatam.com/manuscript/view?id=9f06fbc7 3682 4966 8d7c 8fb86aaa0275
11,64,Haṭha Yoga Pradīpikā,"तथा हि गोरक्ष्ह वछनम
वर्जयेद्दुर्जन परान्तं वह्नि सत्री पथि सेवनम |
परातः सनानोपवासादि काय कलेश विधिं तथा || ६४ ||","tathā hi ghorakṣha vachanam
varjayeddurjana prāntaṃ vahni strī pathi sevanam |
prātaḥ snānopavāsādi kāya kleśa vidhiṃ tathā || 64 ||","Wheat, rice, barley, shâstik (a kind of rice), good corns, milk, ghee, sugar, butter, sugarcandy, honey, dried ginger, Parwal (a vegetable) the five vegetables, moong, pure water, these are very beneficial to those who practise Yoga.",,,,,https://gyanbharatam.com/manuscript/view?id=9f06fbc7 3682 4966 8d7c 8fb86aaa0275
12,65,Haṭha Yoga Pradīpikā,"गोधूम शालि यव षहाष्ह्टिक शोभनान्नं
कष्हीराज्य खण्ड नवनीत सिद्धा मधूनि |
शुण्ठी पटोल कफलादिक पञ्छ शाकं
मुद्गादि दिव्यमुदकं छ यमीन्द्र पथ्यम ||","godhūma śāli yava ṣahāṣhṭika śobhanānnaṃ
kaṣhīrājya khaṇḍa navanīta siddhā madhūni |
śuṇṭhī paṭola kaphalādika pañcha śākaṃ
mudgādi divyamudakaṃ cha yamīndra pathyama ||","A Yogî should eat tonics (things giving strength), well sweetened, greasy (made with ghee), milk, butter, etc., which may increase humors of the body, according to his desire.",Which foods promote overall health?,कौन से खाद्य पदार्थ समग्र स्वास्थ्य को बढ़ावा देते हैं?,"Overall good health is supported by pure, light and easily digestible foods. One should focus on consuming simple grains like wheat and rice, nourishing items like milk, ghee, and honey, and light vegetables. These foods are easy to digest and give the body steady energy and mental clarity.","संपूर्ण स्वास्थ्य के लिए शुद्ध, हल्का और आसानी से पचने वाला भोजन आवश्यक है। हमें गेहूं और चावल जैसे साधारण अनाज, दूध, घी और शहद जैसे पौष्टिक पदार्थ और हल्की सब्जियां खानी चाहिए। ये खाद्य पदार्थ आसानी से पच जाते हैं और शरीर को निरंतर ऊर्जा और मानसिक स्पष्टता प्रदान करते हैं।",https://gyanbharatam.com/manuscript/view?id=9f06fbc7 3682 4966 8d7c 8fb86aaa0275
12,64-65,Haṭha Yoga Pradīpikā,"तथा हि गोरक्ष्ह वछनम
वर्जयेद्दुर्जन परान्तं वह्नि सत्री पथि सेवनम |
परातः सनानोपवासादि काय कलेश विधिं तथा ||
""गोधूम शालि यव षहाष्ह्टिक शोभनान्नं
कष्हीराज्य खण्ड नवनीत सिद्धा मधूनि |
शुण्ठी पटोल कफलादिक पञ्छ शाकं
मुद्गादि दिव्यमुदकं छ यमीन्द्र पथ्यम ||","tathā hi gorakṣha vachanama
varjayeddurjana parāntaṃ vahni satrī pathi sevanama |
parātaḥ sanānopavāsādi kāya kaleśa vidhiṃ tathā ||
""godhūma śāli yava ṣahāṣhṭika śobhanānnaṃ
kaṣhīrājya khaṇḍa navanīta siddhā madhūni |
śuṇṭhī paṭola kaphalādika pañcha śākaṃ
mudgādi divyamudakaṃ cha yamīndra pathyama ||",,What specific foods are recommended as good for a Yogi?,,"The recommended foods include: Wheat, rice, barley, milk, ghee, sugar, butter, honey, dry ginger, the five pot-herbs, moong beans, and pure water. The food should be nourishing, sweet, mixed with ghee and milk, and pleasing to the taste.","अनुशंसित खाद्य पदार्थों में शामिल हैं: गेहूं, चावल, जौ, दूध, घी, चीनी, मक्खन, शहद, सूखा अदरक, पांच प्रकार की जड़ी-बूटियां, मूंग दाल और शुद्ध पानी। भोजन पौष्टिक, मीठा, घी और दूध से मिश्रित और स्वाद में सुखद होना चाहिए।",https://gyanbharatam.com/manuscript/view?id=9f06fbc7 3682 4966 8d7c 8fb86aaa0275
12,66,Haṭha Yoga Pradīpikā,"पुष्ह्टं सुमधुरं सनिग्धं गव्यं धातु परपोष्हणम |
मनोभिलष्हितं योग्यं योगी भोजनमाछरेत || ६६ ||","puṣhṭaṃ sumadhuraṃ snighdhaṃ ghavyaṃ dhātu prapoṣhaṇam |
manobhilaṣhitaṃ yoghyaṃ yoghī bhojanamācharet || 66 ||","Whether young, old or too old, sick or lean, one who discards laziness, gets success if he practises Yoga.",,,,,https://gyanbharatam.com/manuscript/view?id=9f06fbc7 3682 4966 8d7c 8fb86aaa0275
12,67,Haṭha Yoga Pradīpikā,"युवो वॄद्धो|अतिवॄद्धो वा वयाधितो दुर्बलो|अपि वा |
अभ्यासात्सिद्धिमाप्नोति सर्व योगेष्ह्वतन्द्रितः || ६७ ||","yuvo vṝddho|ativṝddho vā vyādhito durbalo|api vā |
abhyāsātsiddhimāpnoti sarva yogheṣhvatandritaḥ || 67 ||","Success comes to him who is engaged in the practice. How can one get success without practice; for by merely reading books on Yoga, one can never get success.",,,,,https://gyanbharatam.com/manuscript/view?id=9f06fbc7 3682 4966 8d7c 8fb86aaa0275
12,68,Haṭha Yoga Pradīpikā,"करिया युक्तस्य सिद्धिः सयादक्रियस्य कथं भवेत |
न शास्त्र पाठ मात्रेण योग सिद्धिः परजायते ||","kariyā yuktasya siddhiḥ sayādakriyasya kathaṃ bhaveta |
na śāstra pāṭha mātreṇa yoga siddhiḥ parajāyate ||","Success cannot be attained by adopting a particular dress (Veṣa). It cannot be gained by telling tales. Practice alone is the means to success. This is true, there is no doubt.",How is success defined in Yoga?,योग में सफलता को कैसे परिभाषित किया जाता है?,"Success in Yoga comes from action, not just talk. You cannot reach your goals just by reading books or wearing traditional clothes. True success is the result of showing up and doing the actual practice (Kriya) every single day.","योग में सफलता केवल बातों से नहीं, कर्मों से मिलती है। आप केवल किताबें पढ़कर या पारंपरिक वस्त्र पहनकर अपने लक्ष्य तक नहीं पहुँच सकते। सच्ची सफलता तो प्रतिदिन अभ्यास करने और क्रिया करने से ही प्राप्त होती है।",https://gyanbharatam.com/manuscript/view?id=9f06fbc7 3682 4966 8d7c 8fb86aaa0275
12,69,Haṭha Yoga Pradīpikā,"न वेष्ह धारणं सिद्धेः कारणं न छ तत कथा |
करियैव कारणं सिद्धेः सत्यमेतन्न संशयः ||","na veṣha dhāraṇaṃ siddheḥ kāraṇaṃ na cha tata kathā |
kariyaiva kāraṇaṃ siddheḥ satyametanna saṃśayaḥ ||","Âsanas (postures), various Kumbhakas, and other divine means, ",,,,,https://gyanbharatam.com/manuscript/view?id=9f06fbc7 3682 4966 8d7c 8fb86aaa0275
12,70,Haṭha Yoga Pradīpikā,"पीठानि कुम्भकाश्छित्रा दिव्यानि करणानि छ |
सर्वाण्यपि हठाभ्यासे राज योग फलावधि ||","pīṭhāni kumbhakāśchitrā divyāni karaṇāni cha |
sarvāṇyapi haṭhābhyāse rāja yoga phalāvadhi ||","all should be practised in the practice of Haṭha Yoga, till the fruit—Râja Yoga—is obtained.",,,,,https://gyanbharatam.com/manuscript/view?id=9f06fbc7 3682 4966 8d7c 8fb86aaa0275
15,6-7,Haṭha Yoga Pradīpikā,"बद्ध पद्मासनो योगी पराणं छन्द्रेण पूरयेत |
धारयित्वा यथा शक्ति भूयः सूर्येण रेछयेत ||
पराणं सूर्येण छाकॄष्ह्य पूरयेदुदरं शनैः |
विधिवत्कुम्भकं कॄत्वा पुनश्छन्द्रेण रेछयेत ||","baddha padmāsano yogī parāṇaṃ chandreṇa pūrayeta |
dhārayitvā yathā śakti bhūyaḥ sūryeṇa rechayeta ||
parāṇaṃ sūryeṇa chākṝṣhya pūrayedudaraṃ śanaiḥ |
vidhivatkumbhakaṃ kṝtvā punaśchandreṇa rechayeta ||","Sitting in the Padmâsana posture the Yogî should fill in the air through the left nostril (closing the right one); and, keeping it confined according to one's ability, it should be expelled slowly through the sûrya (right nostril). Then, drawing in the air through the sûrya (right nostril) slowly, the belly should be filled, and after performing Kumbhaka as before, it should be expelled slowly through the chandra (left nostril). ",How can the mind be effectivley calmed?,मन को प्रभावी ढंग से शांत कैसे किया जा सकता है?,"The mind can be effectively calmed by practicing Anulom Vilom (Alternate Nostril Breathing). To do this, sit in a stable posture with a straight spine and use your fingers to alternately breathe through the left and right nostrils. This rhythmic breathing balances the nervous system and purifies the energy channels, quickly removing stress and bringing deep mental tranquility.","अनुलोम विलोम (एक के बाद एक नासिका श्वास) का अभ्यास करने से मन को प्रभावी ढंग से शांत किया जा सकता है। इसके लिए, रीढ़ सीधी रखते हुए स्थिर मुद्रा में बैठें और उंगलियों का उपयोग करके बारी बारी से बाएं और दाएं नासिका छिद्र से सांस लें। यह लयबद्ध श्वास तंत्रिका तंत्र को संतुलित करती है और ऊर्जा नलिकाओं (नाड़ियों) को शुद्ध करती है, जिससे तनाव जल्दी दूर होता है और गहरी मानसिक शांति प्राप्त होती है।",https://gyanbharatam.com/manuscript/view?id=9f06fbc7 3682 4966 8d7c 8fb86aaa0275