Question,Answer
उच्च रक्तचाप ठीक करने के लिए किस आसन का सुझाव दिया गया है?,"उच्च रक्तचाप ठीक करने के लिए शवासन का सुझाव दिया जाता है क्योंकि यह गहरा विश्राम प्रदान करता है। इसे करने के लिए, पीठ के बल सीधे लेट जाएं, आंखें बंद रखें, बिल्कुल स्थिर रहें और स्वाभाविक रूप से सांस लें। यह थके हुए शरीर को आराम देने का सबसे कारगर तरीका है।"
उच्च रक्तचाप ठीक करने के लिए कौन सा आसन करना चाहिए?,"उच्च रक्तचाप ठीक करने के लिए शवासन का सुझाव दिया जाता है क्योंकि यह गहरा विश्राम प्रदान करता है। इसे करने के लिए, पीठ के बल सीधे लेट जाएं, आंखें बंद रखें, बिल्कुल स्थिर रहें और स्वाभाविक रूप से सांस लें। यह थके हुए शरीर को आराम देने का सबसे कारगर तरीका है।"
शवासन करने से क्या होता है?,"उच्च रक्तचाप ठीक करने के लिए शवासन का सुझाव दिया जाता है क्योंकि यह गहरा विश्राम प्रदान करता है। इसे करने के लिए, पीठ के बल सीधे लेट जाएं, आंखें बंद रखें, बिल्कुल स्थिर रहें और स्वाभाविक रूप से सांस लें। यह थके हुए शरीर को आराम देने का सबसे कारगर तरीका है।"
शवासन करने का क्या लाभ है?,"उच्च रक्तचाप ठीक करने के लिए शवासन का सुझाव दिया जाता है क्योंकि यह गहरा विश्राम प्रदान करता है। इसे करने के लिए, पीठ के बल सीधे लेट जाएं, आंखें बंद रखें, बिल्कुल स्थिर रहें और स्वाभाविक रूप से सांस लें। यह थके हुए शरीर को आराम देने का सबसे कारगर तरीका है।"
शवासन किस अवस्था को ठीक करने के लिए करना चाहिए?,"उच्च रक्तचाप ठीक करने के लिए शवासन का सुझाव दिया जाता है क्योंकि यह गहरा विश्राम प्रदान करता है। इसे करने के लिए, पीठ के बल सीधे लेट जाएं, आंखें बंद रखें, बिल्कुल स्थिर रहें और स्वाभाविक रूप से सांस लें। यह थके हुए शरीर को आराम देने का सबसे कारगर तरीका है।"
शवासन कैसे करते हैं?,"उच्च रक्तचाप ठीक करने के लिए शवासन का सुझाव दिया जाता है क्योंकि यह गहरा विश्राम प्रदान करता है। इसे करने के लिए, पीठ के बल सीधे लेट जाएं, आंखें बंद रखें, बिल्कुल स्थिर रहें और स्वाभाविक रूप से सांस लें। यह थके हुए शरीर को आराम देने का सबसे कारगर तरीका है।"
उच्च रक्तचाप कैसे ठीक करें?,"उच्च रक्तचाप ठीक करने के लिए शवासन का सुझाव दिया जाता है क्योंकि यह गहरा विश्राम प्रदान करता है। इसे करने के लिए, पीठ के बल सीधे लेट जाएं, आंखें बंद रखें, बिल्कुल स्थिर रहें और स्वाभाविक रूप से सांस लें। यह थके हुए शरीर को आराम देने का सबसे कारगर तरीका है।"
हाई ब्लड प्रेशर ठीक करने के लिए किस आसन का सुझाव दिया गया है?,"उच्च रक्तचाप ठीक करने के लिए शवासन का सुझाव दिया जाता है क्योंकि यह गहरा विश्राम प्रदान करता है। इसे करने के लिए, पीठ के बल सीधे लेट जाएं, आंखें बंद रखें, बिल्कुल स्थिर रहें और स्वाभाविक रूप से सांस लें। यह थके हुए शरीर को आराम देने का सबसे कारगर तरीका है।"
हाई ब्लड प्रेशर ठीक करने के लिए कौन सा आसन करना चाहिए?,"उच्च रक्तचाप ठीक करने के लिए शवासन का सुझाव दिया जाता है क्योंकि यह गहरा विश्राम प्रदान करता है। इसे करने के लिए, पीठ के बल सीधे लेट जाएं, आंखें बंद रखें, बिल्कुल स्थिर रहें और स्वाभाविक रूप से सांस लें। यह थके हुए शरीर को आराम देने का सबसे कारगर तरीका है।"
हाई ब्लड प्रेशर कैसे ठीक करें?,"उच्च रक्तचाप ठीक करने के लिए शवासन का सुझाव दिया जाता है क्योंकि यह गहरा विश्राम प्रदान करता है। इसे करने के लिए, पीठ के बल सीधे लेट जाएं, आंखें बंद रखें, बिल्कुल स्थिर रहें और स्वाभाविक रूप से सांस लें। यह थके हुए शरीर को आराम देने का सबसे कारगर तरीका है।"
हाई बीपी ठीक करने के लिए किस आसन का सुझाव दिया गया है?,"उच्च रक्तचाप ठीक करने के लिए शवासन का सुझाव दिया जाता है क्योंकि यह गहरा विश्राम प्रदान करता है। इसे करने के लिए, पीठ के बल सीधे लेट जाएं, आंखें बंद रखें, बिल्कुल स्थिर रहें और स्वाभाविक रूप से सांस लें। यह थके हुए शरीर को आराम देने का सबसे कारगर तरीका है।"
हाई बीपी ठीक करने के लिए कौन सा आसन करना चाहिए?,"उच्च रक्तचाप ठीक करने के लिए शवासन का सुझाव दिया जाता है क्योंकि यह गहरा विश्राम प्रदान करता है। इसे करने के लिए, पीठ के बल सीधे लेट जाएं, आंखें बंद रखें, बिल्कुल स्थिर रहें और स्वाभाविक रूप से सांस लें। यह थके हुए शरीर को आराम देने का सबसे कारगर तरीका है।"
हाई बीपी कैसे ठीक करें?,"उच्च रक्तचाप ठीक करने के लिए शवासन का सुझाव दिया जाता है क्योंकि यह गहरा विश्राम प्रदान करता है। इसे करने के लिए, पीठ के बल सीधे लेट जाएं, आंखें बंद रखें, बिल्कुल स्थिर रहें और स्वाभाविक रूप से सांस लें। यह थके हुए शरीर को आराम देने का सबसे कारगर तरीका है।"
तनाव  ठीक करने के लिए किस आसन का सुझाव दिया गया है?,तनाव दूर करने के लिए पश्चिमोत्तानासन का सुझाव दिया जाता है। इसे करने के लिए व्यक्ति को अपने पैरों को जमीन पर एक छड़ी की तरह सीधा फैलाना चाहिए और अपने हाथों से अपने पैर की उंगलियों को पकड़ना चाहिए और अपने माथे को अपने घुटनों पर रखना चाहिए।
तनाव  ठीक करने के लिए कौन सा आसन करना चाहिए?,तनाव दूर करने के लिए पश्चिमोत्तानासन का सुझाव दिया जाता है। इसे करने के लिए व्यक्ति को अपने पैरों को जमीन पर एक छड़ी की तरह सीधा फैलाना चाहिए और अपने हाथों से अपने पैर की उंगलियों को पकड़ना चाहिए और अपने माथे को अपने घुटनों पर रखना चाहिए।
तनाव  कैसे ठीक करें?,तनाव दूर करने के लिए पश्चिमोत्तानासन का सुझाव दिया जाता है। इसे करने के लिए व्यक्ति को अपने पैरों को जमीन पर एक छड़ी की तरह सीधा फैलाना चाहिए और अपने हाथों से अपने पैर की उंगलियों को पकड़ना चाहिए और अपने माथे को अपने घुटनों पर रखना चाहिए।
पश्चिमोत्तानासन करने से क्या होता है?,तनाव दूर करने के लिए पश्चिमोत्तानासन का सुझाव दिया जाता है। इसे करने के लिए व्यक्ति को अपने पैरों को जमीन पर एक छड़ी की तरह सीधा फैलाना चाहिए और अपने हाथों से अपने पैर की उंगलियों को पकड़ना चाहिए और अपने माथे को अपने घुटनों पर रखना चाहिए।
पश्चिमोत्तानासन करने का क्या लाभ है?,तनाव दूर करने के लिए पश्चिमोत्तानासन का सुझाव दिया जाता है। इसे करने के लिए व्यक्ति को अपने पैरों को जमीन पर एक छड़ी की तरह सीधा फैलाना चाहिए और अपने हाथों से अपने पैर की उंगलियों को पकड़ना चाहिए और अपने माथे को अपने घुटनों पर रखना चाहिए।
पश्चिमोत्तानासन किस अवस्था को ठीक करने के लिए करना चाहिए?,तनाव दूर करने के लिए पश्चिमोत्तानासन का सुझाव दिया जाता है। इसे करने के लिए व्यक्ति को अपने पैरों को जमीन पर एक छड़ी की तरह सीधा फैलाना चाहिए और अपने हाथों से अपने पैर की उंगलियों को पकड़ना चाहिए और अपने माथे को अपने घुटनों पर रखना चाहिए।
पश्चिमोत्तानासन कैसे करते हैं?,तनाव दूर करने के लिए पश्चिमोत्तानासन का सुझाव दिया जाता है। इसे करने के लिए व्यक्ति को अपने पैरों को जमीन पर एक छड़ी की तरह सीधा फैलाना चाहिए और अपने हाथों से अपने पैर की उंगलियों को पकड़ना चाहिए और अपने माथे को अपने घुटनों पर रखना चाहिए।
मनोदैहिक रोगों के लिए कौन सा आसन लाभकारी है?,"इसके लिए शवासन लाभकारी है क्योंकि यह मन और शरीर के संबंध को संतुलित करता है। इसे करने के लिए, पीठ के बल सीधे लेट जाएं, आंखें बंद रखें, बिल्कुल स्थिर रहें और स्वाभाविक रूप से सांस लें। यह थके हुए शरीर को आराम देने का सबसे कारगर तरीका है।"
कब्ज के लिए किस आसन का सुझाव दिया गया है?,कब्ज के इलाज के लिए मयूरासन का सुझाव दिया जाता है। इसे करने के लिए हथेलियों को जमीन पर रखें और कोहनियों से नाभि के किनारों को सहारा दें। फिर शरीर को क्षैतिज छड़ी की तरह हवा में उठाएं।
कब्ज से राहत दिलाने में कौन सा आसन मदद करता है?,पश्चिमोत्तानासन जठराग्नि को उत्तेजित करता है और कब्ज में मदद करता है। इसे करने के लिए व्यक्ति को अपने पैरों को जमीन पर एक छड़ी की तरह सीधा फैलाना चाहिए और अपने हाथों से अपने पैर की उंगलियों को पकड़ना चाहिए और अपने माथे को अपने घुटनों पर रखना चाहिए।
कब्ज के लिए कौन सा आसन अच्छा है?,"मत्स्येन्द्रासन रुका हुआ रक्त बाहर निकालने में मदद करता है और कब्ज को ठीक करता है। इसे करने के लिए बाएँ पैर की जांघ के पास दाएँ पैर को रखें, और शरीर को घुमाकर उस पैर को पकड़ें। "
कौन सा आसन कब्ज को ठीक करता है?,"धनुरासन पाचन में सुधार करता है और कब्ज को ठीक करता है। इसे करने के लिए हाथों से पैरों के अंगूठों को पकड़कर, उन्हें धनुष की तरह कानों तक खींचें ।"
पाचन विकारों के लिए किस आसन का सुझाव दिया गया है?,"मयूरासन पाचन अग्नि को मजबूत करता है और पाचन विकारों को ठीक करता है। इसे करने के लिए दोनों हाथों को ज़मीन पर टिकाएँ, अपनी कोहनियों को नाभि के दोनों किनारों पर रखें, और पूरे शरीर को हवा में एक डंडे की तरह ऊपर उठा लें।"
पाचन विकारों के लिए कौन सा आसन लाभकारी है?,"पाचन संतुलन के लिए उत्तान कूर्मासन का सुझाव दिया जाता है। इसे करने के लिए कुक्कुटासन की मुद्रा बनाकर, अपनी भुजाओं (हाथों) को गर्दन के चारों ओर लपेट लें और कछुए की तरह पीठ के बल लेट जाएँ।"
मधुमेह के लिए कौन सा आसन लाभकारी है?,"मयूरासन पेट के अंगों को उत्तेजित करता है और मधुमेह में मदद करता है। इसे करने के लिए दोनों हाथों को ज़मीन पर टिकाएँ, अपनी कोहनियों को नाभि के दोनों किनारों पर रखें, और पूरे शरीर को हवा में एक डंडे की तरह ऊपर उठा लें।"
मधुमेह के लिए कौन सा आसन करें?,"मत्स्येन्द्रासन मधुमेह के लिए लाभकारी है क्योंकि यह अग्न्याशय को उत्तेजित करता है। इसे करने के लिए बाएँ पैर की जांघ के पास दाएँ पैर को रखें, और शरीर को घुमाकर उस पैर को पकड़ें। "
मासिक धर्म चक्र को विनियमित करने में कौन सा आसन मदद करता है?,"धनुरासन श्रोणि अंगों को टोन करके मासिक धर्म चक्र को विनियमित करने में मदद करता है। इसे करने के लिए हाथों से पैरों के अंगूठों को पकड़कर, उन्हें धनुष की तरह कानों तक खींचें ।"
पेट की चर्बी कम करने के लिए कौन सा आसन सबसे अच्छा है?,पश्चिमोत्तानासन को स्पष्ट रूप से कमर को पतला करने वाला बताया गया है। इसे करने के लिए व्यक्ति को अपने पैरों को जमीन पर एक छड़ी की तरह सीधा फैलाना चाहिए और अपने हाथों से अपने पैर की उंगलियों को पकड़ना चाहिए और अपने माथे को अपने घुटनों पर रखना चाहिए।
मूत्र विकारों में कौन सा आसन मदद करता है?,"कूर्मासन मूत्र विकारों में मदद करता है। इसे करने के लिए, एड़ियों को श्रोणि क्षेत्र के नीचे क्रॉस करके, पेरिनियल क्षेत्र पर मजबूती से दबाना चाहिए। इस आसन को कछुआ आसन के नाम से जाना जाता है।"
गठिया के लिए किस आसन का सुझाव दिया गया है?,"मत्स्येन्द्रासन पाचन अग्नि को बढ़ाता है जो गठिया पैदा करने वाले विषाक्त पदार्थों को हटाने में मदद करता है। इसे करने के लिए बाएँ पैर की जांघ के पास दाएँ पैर को रखें, और शरीर को घुमाकर उस पैर को पकड़ें। "
छाती के रोगों में कौन सा आसन मदद करता है?,"मत्स्येन्द्रासन रीढ़ को मजबूत करता है और स्लिप्ड डिस्क में मदद करता है (सावधानीपूर्वक अभ्यास करें)। इसे करने के लिए बाएँ पैर की जांघ के पास दाएँ पैर को रखें, और शरीर को घुमाकर उस पैर को पकड़ें। "
,"धनुरासन छाती का विस्तार करता है और छाती के रोगों में मदद करता है। इसे करने के लिए हाथों से पैरों के अंगूठों को पकड़कर, उन्हें धनुष की तरह कानों तक खींचें ।"
थायराइड की समस्याओं के लिए कौन सा आसन लाभकारी है?,"सिंहासन गर्दन को खींचता है और थायराइड को लाभ पहुंचाता है। इसे करने के लिए अपनी एड़ियों को शरीर के मध्य भाग के नीचे रखें, हाथों को घुटनों पर रखकर उंगलियाँ फैला लें, मुँह खुला रखें और अपनी नज़र नाक की नोक पर टिकाएँ। "
तंत्रिका विकारों के लिए किस आसन का सुझाव दिया गया है?,"तंत्रिका विकारों के लिए उत्तान कूर्मासन का सुझाव दिया जाता है। इसे करने के लिए कुक्कुटासन की मुद्रा बनाकर, अपनी भुजाओं (हाथों) को गर्दन के चारों ओर लपेट लें और कछुए की तरह पीठ के बल लेट जाएँ।"
तंत्रिका विकारों के लिए किस आसन का सुझाव दिया गया है?,"पद्मासन तंत्रिका स्थिरता के लिए उत्कृष्ट है। इसे करने के लिए दाएँ पैर को बाईं जांघ पर और बाएँ पैर को दाईं जांघ पर रखें, हाथों को पीठ के पीछे से ले जाकर पैरों के अंगूठों को पकड़ें, अपनी ठुड्डी को छाती से सटाएं और अपनी नज़र नाक की नोक पर टिकाएँ।"
क्रोध प्रबंधन में कौन सा आसन मदद करता है?,"उत्तान कूर्मासन मन को शांत करने और क्रोध को प्रबंधित करने में मदद करता है। इसे करने के लिए कुक्कुटासन की मुद्रा बनाकर, अपनी भुजाओं (हाथों) को गर्दन के चारों ओर लपेट लें और कछुए की तरह पीठ के बल लेट जाएँ।"
कुंडलिनी जागरण के लिए किस आसन का सुझाव दिया गया है?,"कुंडलिनी जागरण के लिए कुक्कुटासन का सुझाव दिया जाता है।
कुक्कुटासन करने के लिए, पद्मासन में बैठें। फिर, हाथों को जांघों और घुटनों के बीच रखें और शरीर को जमीन से ऊपर उठाएं, शरीर का वजन हाथों पर टिकाएं।"
ऊपरी पीठ की जकड़न में कौन सा आसन मदद करता है?,"कूर्मासन पीठ दर्द को कम करने में मदद करता है। इसे करने के लिए, एड़ियों को श्रोणि क्षेत्र के नीचे क्रॉस करके, पेरिनियल क्षेत्र पर मजबूती से दबाना चाहिए। इस आसन को कछुआ आसन के नाम से जाना जाता है।"
पीठ दर्द को ठीक करने के लिए किस आसन का सुझाव दिया गया है?,"कूर्मासन पीठ दर्द को कम करने में मदद करता है। इसे करने के लिए, एड़ियों को श्रोणि क्षेत्र के नीचे क्रॉस करके, पेरिनियल क्षेत्र पर मजबूती से दबाना चाहिए। इस आसन को कछुआ आसन के नाम से जाना जाता है।"
पीठ दर्द को ठीक करने के लिए कौन सा आसन करना चाहिए?,"कूर्मासन पीठ दर्द को कम करने में मदद करता है। इसे करने के लिए, एड़ियों को श्रोणि क्षेत्र के नीचे क्रॉस करके, पेरिनियल क्षेत्र पर मजबूती से दबाना चाहिए। इस आसन को कछुआ आसन के नाम से जाना जाता है।"
पीठ दर्द को कैसे ठीक करें?,"कूर्मासन पीठ दर्द को कम करने में मदद करता है। इसे करने के लिए, एड़ियों को श्रोणि क्षेत्र के नीचे क्रॉस करके, पेरिनियल क्षेत्र पर मजबूती से दबाना चाहिए। इस आसन को कछुआ आसन के नाम से जाना जाता है।"
कूर्मासन करने से क्या होता है?,"कूर्मासन पीठ दर्द को कम करने में मदद करता है। इसे करने के लिए, एड़ियों को श्रोणि क्षेत्र के नीचे क्रॉस करके, पेरिनियल क्षेत्र पर मजबूती से दबाना चाहिए। इस आसन को कछुआ आसन के नाम से जाना जाता है।"
कूर्मासन करने का क्या लाभ है?,"कूर्मासन पीठ दर्द को कम करने में मदद करता है। इसे करने के लिए, एड़ियों को श्रोणि क्षेत्र के नीचे क्रॉस करके, पेरिनियल क्षेत्र पर मजबूती से दबाना चाहिए। इस आसन को कछुआ आसन के नाम से जाना जाता है।"
कूर्मासन किस अवस्था को ठीक करने के लिए करना चाहिए?,"कूर्मासन पीठ दर्द को कम करने में मदद करता है। इसे करने के लिए, एड़ियों को श्रोणि क्षेत्र के नीचे क्रॉस करके, पेरिनियल क्षेत्र पर मजबूती से दबाना चाहिए। इस आसन को कछुआ आसन के नाम से जाना जाता है।"
कूर्मासन कैसे करते हैं?,"कूर्मासन पीठ दर्द को कम करने में मदद करता है। इसे करने के लिए, एड़ियों को श्रोणि क्षेत्र के नीचे क्रॉस करके, पेरिनियल क्षेत्र पर मजबूती से दबाना चाहिए। इस आसन को कछुआ आसन के नाम से जाना जाता है।"
कौन सा आसन ऊपरी पीठ की कठोरता में मदद करता है?,"गोमुखासन ऊपरी पीठ की जकड़न को दूर करने में मदद करता है।
गोमुखासन करने के लिए, व्यक्ति को अपने दाहिने टखने को बाएं नितंब के पास और बाएं टखने को दाहिने नितंब के पास रखना चाहिए। यह स्थिति गाय के चेहरे जैसी दिखती है।"
गोमुखासन आसन किसे करना चाहिए?,"गोमुखासन ऊपरी पीठ की जकड़न को दूर करने में मदद करता है।
गोमुखासन करने के लिए, व्यक्ति को अपने दाहिने टखने को बाएं नितंब के पास और बाएं टखने को दाहिने नितंब के पास रखना चाहिए। यह स्थिति गाय के चेहरे जैसी दिखती है।"
गोमुखासन आसन के क्या फ़ायदे हैं?,"गोमुखासन ऊपरी पीठ की जकड़न को दूर करने में मदद करता है।
गोमुखासन करने के लिए, व्यक्ति को अपने दाहिने टखने को बाएं नितंब के पास और बाएं टखने को दाहिने नितंब के पास रखना चाहिए। यह स्थिति गाय के चेहरे जैसी दिखती है।"
जब आप गोमुखासन आसन का अभ्यास करते हैं तो क्या होता है?,"गोमुखासन ऊपरी पीठ की जकड़न को दूर करने में मदद करता है।
गोमुखासन करने के लिए, व्यक्ति को अपने दाहिने टखने को बाएं नितंब के पास और बाएं टखने को दाहिने नितंब के पास रखना चाहिए। यह स्थिति गाय के चेहरे जैसी दिखती है।"
गोमुखासन आसन कैसे करें?,"गोमुखासन ऊपरी पीठ की जकड़न को दूर करने में मदद करता है।
गोमुखासन करने के लिए, व्यक्ति को अपने दाहिने टखने को बाएं नितंब के पास और बाएं टखने को दाहिने नितंब के पास रखना चाहिए। यह स्थिति गाय के चेहरे जैसी दिखती है।"
भावनात्मक स्वास्थ्य के लिए कौन सा आसन लाभकारी है?,"सिद्धासन रक्त प्रवाह को नियंत्रित करता है और हृदय स्वास्थ्य के लिए अच्छा है।
बाएं पैर की एड़ी को पेरिनियम पर मजबूती से दबाएं और दाएं पैर की एड़ी को जननांग के ठीक ऊपर रखें। ठुड्डी को छाती से मजबूती से दबाकर रखें। इंद्रियों को नियंत्रित रखें और दृष्टि को भौंहों के बीच की जगह पर स्थिर रखें।"
भावनात्मक स्वास्थ्य के लिए कौन सा आसन करें?,"सिद्धासन भावनात्मक संतुलन और मानसिक स्पष्टता के लिए लाभकारी है।
बाएं पैर की एड़ी को पेरिनियम पर मजबूती से दबाएं और दाएं पैर की एड़ी को जननांग के ठीक ऊपर रखें। ठुड्डी को छाती से मजबूती से दबाकर रखें। इंद्रियों को नियंत्रित रखें और दृष्टि को भौंहों के बीच की जगह पर स्थिर रखें।"
कौन सा आसन स्टेमरिंग में मदद करता है?,"सिंहासन हकलाने को ठीक करता है और स्पष्ट वाणी में सहायक होता है। इसे करने के लिए अपनी एड़ियों को शरीर के मध्य भाग के नीचे रखें, हाथों को घुटनों पर रखकर उंगलियाँ फैला लें, मुँह खुला रखें और अपनी नज़र नाक की नोक पर टिकाएँ। "
आत्मविश्वास बढ़ाने के लिए कौन सा आसन लाभकारी है?,"सिंहासन आत्मविश्वास और निर्भयता बढ़ाने में मदद करता है। इसे करने के लिए अपनी एड़ियों को शरीर के मध्य भाग के नीचे रखें, हाथों को घुटनों पर रखकर उंगलियाँ फैला लें, मुँह खुला रखें और अपनी नज़र नाक की नोक पर टिकाएँ। "
यदि आप सिंहासनम/शेर मुद्रा का अभ्यास करते हैं तो क्या होता है?,"सिंहासन आत्मविश्वास और निर्भयता बढ़ाने में मदद करता है। इसे करने के लिए अपनी एड़ियों को शरीर के मध्य भाग के नीचे रखें, हाथों को घुटनों पर रखकर उंगलियाँ फैला लें, मुँह खुला रखें और अपनी नज़र नाक की नोक पर टिकाएँ। "
सिंहासनम/शेर मुद्रा का अभ्यास किसे करना चाहिए?,"सिंहासन आत्मविश्वास और निर्भयता बढ़ाने में मदद करता है। इसे करने के लिए अपनी एड़ियों को शरीर के मध्य भाग के नीचे रखें, हाथों को घुटनों पर रखकर उंगलियाँ फैला लें, मुँह खुला रखें और अपनी नज़र नाक की नोक पर टिकाएँ। "
भद्रासन कैसे करते हैं?,भद्रासन स्थिरता और आत्मविश्वास का निर्माण करता है।
भद्रासन का अनोखा फ़ायदा क्या है?,भद्रासन स्थिरता और आत्मविश्वास का निर्माण करता है।
भद्रासन का अभ्यास किसे करना चाहिए?,भद्रासन स्थिरता और आत्मविश्वास का निर्माण करता है।
भद्रासन करने से क्या होता है?,भद्रासन स्थिरता और आत्मविश्वास का निर्माण करता है।
हठयोगप्रदीपिका का प्रथम श्लोक क्या है?,"शरी आदि नाथाय नमो।अस्तु तस्मै
येनोपदिष्ह्टा हठ योग विद्या ।
विभ्राजते परोन्नत राज योगम
आरोढुमिछ्छोरधिरोहिणीव ॥"
हठयोगप्रदीपिका का द्वितीय श्लोक क्या है?,"परणम्य शरी गुरुं नाथं सवात्मारामेण योगिना ।
केवलं राज योगाय हठ विद्योपदिश्यते ॥"
हठयोगप्रदीपिका का तृतीय श्लोक क्या है?,"भरान्त्या बहुमत धवान्ते राज योगमजानताम ।
हठ परदीपिकां धत्ते सवात्मारामः कॄपाकरः ॥"
हठयोगप्रदीपिका का चतुर्थ श्लोक क्या है?,"हठ विद्यां हि मत्स्येन्द्र गोरक्ष्हाद्या विजानते ।
सवात्मारामो।अथवा योगी जानीते तत परसादतः ॥"
हठयोगप्रदीपिका का पंचम श्लोक क्या है?,"शरी आदिनाथ मत्स्येन्द्र शावरानन्द भैरवाः ।
छौरङ्गी मीन गोरक्ष्ह विरूपाक्ष्ह बिलेशयाः ॥"
हठयोगप्रदीपिका का षष्ठ श्लोक क्या है?,"मन्थानो भैरवो योगी सिद्धिर्बुद्धश्छ कन्थडिः ।
कोरंटकः सुरानन्दः सिद्धपादश्छ छर्पटिः ॥"
हठयोगप्रदीपिका का सप्तम श्लोक क्या है?,"कानेरी पूज्यपादश्छ नित्य नाथो निरञ्जनः ।
कपाली बिन्दुनाथश्छ काकछण्डीश्वराह्वयः ॥ "
हठयोगप्रदीपिका का अष्टम श्लोक क्या है?,"अल्लामः परभुदेवश्छ घोडा छोली छ टिंटिणिः ।
भानुकी नारदेवश्छ खण्डः कापालिकस्तथा ॥"
हठयोगप्रदीपिका का नवम श्लोक क्या है?,"इत्यादयो महासिद्धा हठ योग परभावतः |
खण्डयित्वा काल दण्डं बरह्माण्डे विछरन्ति ते ॥"
हठयोगप्रदीपिका का दशम श्लोक क्या है?,"अशेष्ह ताप तप्तानां समाश्रय मठो हठः ।
अशेष्ह योग युक्तानामाधार कमठो हठः ।।"
हठयोगप्रदीपिका का एकादश श्लोक क्या है?,"हठ विद्या परं गोप्या योगिना सिद्धिमिछ्छता ।
भवेद्वीर्यवती गुप्ता निर्वीर्या तु परकाशिता ॥"
हठयोगप्रदीपिका का द्वादश श्लोक क्या है?,"सुराज्ये धार्मिके देशे सुभिक्ष्हे निरुपद्रवे ।
धनुः परमाण पर्यन्तं शिलाग्नि जल वर्जिते ।
एकान्ते मठिका मध्ये सथातव्यं हठ योगिना ॥"
हठयोगप्रदीपिका का त्रयोदश श्लोक क्या है?,"अल्प दवारमरन्ध्र गर्त विवरं नात्युछ्छ नीछायतं
सम्यग गोमय सान्द्र लिप्तममलं निःशेस जन्तूज्झितम ।
बाह्ये मण्डप वेदि कूप रुछिरं पराकार संवेष्ह्टितं
परोक्तं योग मठस्य लक्ष्हणमिदं सिद्धैर्हठाभ्यासिभिः ॥"
हठयोगप्रदीपिका का चतुर्दश श्लोक क्या है?,"एवं विधे मठे सथित्वा सर्व छिन्ता विवर्जितः ।
गुरूपदिष्ह्ट मार्गेण योगमेव समभ्यसेत ॥"
हठयोगप्रदीपिका का पंचदश श्लोक क्या है?,"अत्याहारः परयासश्छ परजल्पो नियमाग्रहः ।
जन सङ्गश्छ लौल्यं छ षहड्भिर्योगो विनश्यति ॥"
हठयोगप्रदीपिका का षोडश श्लोक क्या है?,"उत्साहात्साहसाद्धैर्यात्तत्त्व जञानाश्छ निश्छयात ।
जन सङ्ग परित्यागात्ष्हड्भिर्योगः परसिद्ध्यति ॥"
हठयोगप्रदीपिका का सप्तदश श्लोक क्या है?,"अथ यम नियमाः
अहिंसा सत्यमस्तेयं बरह्मछर्यं कष्हमा धॄतिः ।
दयार्जवं मिताहारः शौछं छैव यमा दश ॥"
हठयोगप्रदीपिका का अष्टादश श्लोक क्या है?,"तपः सन्तोष्ह आस्तिक्यं दानमीश्वर पूजनम ।
सिद्धान्त वाक्य शरवणं हरीमती छ तपो हुतम ।
नियमा दश सम्प्रोक्ता योग शास्त्र विशारदैः ॥"
हठयोगप्रदीपिका का नवदश श्लोक क्या है?,"अथ आसनम
हठस्य परथमाङ्गत्वादासनं पूर्वमुछ्यते ।
कुर्यात्तदासनं सथैर्यमारोग्यं छाङ्ग लाघवम ॥"
हठयोगप्रदीपिका का विंशतिम श्लोक क्या है?,"वशिष्ह्ठाद्यैश्छ मुनिभिर्मत्स्येन्द्राद्यैश्छ योगिभिः ।
अङ्गीकॄतान्यासनानि कथ्यन्ते कानिछिन्मया ॥"
हठयोगप्रदीपिका का एकविंशतिम श्लोक क्या है?,"जानूर्वोरन्तरे सम्यक्कॄत्वा पाद तले उभे ।
ॠजु कायः समासीनः सवस्तिकं तत्प्रछक्ष्हते ॥"
हठयोगप्रदीपिका का द्वाविंशतिम श्लोक क्या है?,"सव्ये दक्ष्हिण गुल्कं तु पॄष्ह्ठ पार्श्वे नियोजयेत ।
दक्ष्हिणे।अपि तथा सव्यं गोमुखं गोमुखाकॄतिः ॥ "
हठयोगप्रदीपिका का त्रयोविंशतिम श्लोक क्या है?,"सव्ये दक्ष्हिण गुल्कं तु पॄष्ह्ठ पार्श्वे नियोजयेत ।
दक्ष्हिणे।अपि तथा सव्यं गोमुखं गोमुखाकॄतिः ॥"
हठयोगप्रदीपिका का चतुर्विंशतिम श्लोक क्या है?,"गुदं निरुध्य गुल्फाभ्यां वयुत्क्रमेण समाहितः ।
कूर्मासनं भवेदेतदिति योग विदो विदुः ॥"
हठयोगप्रदीपिका का पंचविंशतिम श्लोक क्या है?,"पद्मासनं तु संस्थाप्य जानूर्वोरन्तरे करौ ।
निवेश्य भूमौ संस्थाप्य वयोमस्थं कुक्कुटासनम ॥"
हठयोगप्रदीपिका का षड्विंशतिम श्लोक क्या है?,"कुक्कुटासन बन्ध सथो दोर्भ्यां सम्बद्य कन्धराम ।
भवेद्कूर्मवदुत्तान एतदुत्तान कूर्मकम ॥"
हठयोगप्रदीपिका का सप्तविंशतिम श्लोक क्या है?,"पादाङ्गुष्ह्ठौ तु पाणिभ्यां गॄहीत्वा शरवणावधि ।
धनुराकर्ष्हणं कुर्याद्धनुर आसनमुछ्यते ॥"
हठयोगप्रदीपिका का अष्टाविंशतिम श्लोक क्या है?,"वामोरु मूलार्पित दक्ष्ह पादं
जानोर्बहिर्वेष्ह्टित वाम पादम ।
परगॄह्य तिष्ह्ठेत्परिवर्तिताङ्गः
शरी मत्य्सनाथोदितमासनं सयात ॥"
हठयोगप्रदीपिका का नवविंशतिम श्लोक क्या है?,"मत्स्येन्द्र पीठं जठर परदीप्तिं
परछण्ड रुग्मण्डल खण्डनास्त्रम ।
अभ्यासतः कुण्डलिनी परबोधं
छन्द्र सथिरत्वं छ ददाति पुंसाम ॥ "
हठयोगप्रदीपिका का त्रिंशत्तम श्लोक क्या है?,"परसार्य पादौ भुवि दण्ड रूपौ
दोर्भ्यां पदाग्र दवितयं गॄहीत्वा ।
जानूपरिन्यस्त ललाट देशो
वसेदिदं पश्छिमतानमाहुः ॥"
हठयोगप्रदीपिका का एकत्रिंशत्तम श्लोक क्या है?,"इति पश्छिमतानमासनाग्र्यं
पवनं पश्छिम वाहिनं करोति ।
उदयं जठरानलस्य कुर्याद
उदरे कार्श्यमरोगतां छ पुंसाम ॥"
हठयोगप्रदीपिका का द्वात्रिंशत्तम श्लोक क्या है?,"धरामवष्ह्टभ्य कर दवयेन
तत कूर्पर सथापित नाभि पार्श्वः ।
उछ्छासनो दण्डवदुत्थितः खे
मायूरमेतत्प्रवदन्ति पीठम ॥"
हठयोगप्रदीपिका का त्रयस्त्रिंशत्तम श्लोक क्या है?,"हरति सकल रोगानाशु गुल्मोदरादीन
अभिभवति छ दोष्हानासनं शरी मयूरम ।
बहु कदशन भुक्तं भस्म कुर्यादशेष्हं
जनयति जठराग्निं जारयेत्काल कूटम ॥"
हठयोगप्रदीपिका का चतुस्त्रिंशत्तम श्लोक क्या है?,"उत्तानं शबवद्भूमौ शयनं तछ्छवासनम ।
शवासनं शरान्ति हरं छित्त विश्रान्ति कारकम ॥"
हठयोगप्रदीपिका का पंचत्रिंशत्तम श्लोक क्या है?,"छतुरशीत्यासनानि शिवेन कथितानि छ ।
तेभ्यश्छतुष्ह्कमादाय सारभूतं बरवीम्यहम ॥"
हठयोगप्रदीपिका का षट्त्रिंशत्तम श्लोक क्या है?,"सिद्धं पद्मं तथा सिंहं भद्रं वेति छतुष्ह्टयम ।
शरेष्ह्ठं तत्रापि छ सुखे तिष्ह्ठेत्सिद्धासने सदा ॥"
हठयोगप्रदीपिका का सप्तत्रिंशत्तम श्लोक क्या है?,"अथ सिद्धासनम
योनि सथानकमङ्घ्रि मूल घटितं कॄत्वा दॄढं विन्यसेत
मेण्ढ्रे पादमथैकमेव हॄदये कॄत्वा हनुं सुस्थिरम ।
सथाणुः संयमितेन्द्रियो।अछल दॄशा पश्येद्भ्रुवोरन्तरं
हयेतन्मोक्ष्ह कपाट भेद जनकं सिद्धासनं परोछ्यते ॥"
हठयोगप्रदीपिका का अष्टत्रिंशत्तम श्लोक क्या है?,"मेण्ढ्रादुपरि विन्यस्य सव्यं गुल्फं तथोपरि ।
गुल्फान्तरं छ निक्ष्हिप्य सिद्धासनमिदं भवेत ॥"
हठयोगप्रदीपिका का नवत्रिंशत्तम श्लोक क्या है?,"एतत्सिद्धासनं पराहुरन्ये वज्रासनं विदुः ।
मुक्तासनं वदन्त्येके पराहुर्गुप्तासनं परे ॥ "
हठयोगप्रदीपिका का चत्वारिंशत्तम श्लोक क्या है?,"यमेष्ह्विव मिताहारमहिंसा नियमेष्ह्विव ।
मुख्यं सर्वासनेष्ह्वेकं सिद्धाः सिद्धासनं विदुः ॥"
हठयोगप्रदीपिका का एकचत्वारिंशत्तम श्लोक क्या है?,"छतुरशीति पीठेष्हु सिद्धमेव सदाभ्यसेत ।
दवासप्तति सहस्राणां नाडीनां मल शोधनम ॥"
हठयोगप्रदीपिका का द्विचत्वारिंशत्तम श्लोक क्या है?,"आत्म धयायी मिताहारी यावद्द्वादश वत्सरम ।
सदा सिद्धासनाभ्यासाद्योगी निष्ह्पत्तिमाप्नुयात ॥"
हठयोगप्रदीपिका का त्रिचत्वारिंशत्तम श्लोक क्या है?,"किमन्यैर्बहुभिः पीठैः सिद्धे सिद्धासने सति ।
पराणानिले सावधाने बद्धे केवल कुम्भके ।
उत्पद्यते निरायासात्स्वयमेवोन्मनी कला ॥ "
हठयोगप्रदीपिका का चतुश्चत्वारिंशत्तम श्लोक क्या है?,"तथैकास्मिन्नेव दॄढे सिद्धे सिद्धासने सति ।
बन्ध तरयमनायासात्स्वयमेवोपजायते ॥"
हठयोगप्रदीपिका का पंचचत्वारिंशत्तम श्लोक क्या है?,"नासनं सिद्ध सदॄशं न कुम्भः केवलोपमः ।
न खेछरी समा मुद्रा न नाद सदॄशो लयः ॥"
हठयोगप्रदीपिका का षट्चत्वारिंशत्तम श्लोक क्या है?,"अथ पद्मासनम
वामोरूपरि दक्ष्हिणं छ छरणं संस्थाप्य वामं तथा
दक्ष्होरूपरि पश्छिमेन विधिना धॄत्वा कराभ्यां दॄढम ।
अङ्गुष्ह्ठौ हॄदये निधाय छिबुकं नासाग्रमालोकयेत
एतद्व्याधि विनाश कारि यमिनां पद्मासनं परोछ्यते ॥"
हठयोगप्रदीपिका का सप्तचत्वारिंशत्तम श्लोक क्या है?,"उत्तानौ छरणौ कॄत्वा ऊरु संस्थौ परयत्नतः ।
ऊरु मध्ये तथोत्तानौ पाणी कॄत्वा ततो दॄशौ ॥"
हठयोगप्रदीपिका का अष्टचत्वारिंशत्तम श्लोक क्या है?,"नासाग्रे विन्यसेद्राजद अन्त मूले तु जिह्वया ।
उत्तम्भ्य छिबुकं वक्ष्हस्युत्थाप्य पवनं शनैः ॥"
हठयोगप्रदीपिका का नवचत्वारिंशत्तम श्लोक क्या है?,"इदं पद्मासनं परोक्तं सर्व वयाधि विनाशनम ।
दुर्लभं येन केनापि धीमता लभ्यते भुवि ॥"
हठयोगप्रदीपिका का पञ्चाशत्तम श्लोक क्या है?,"कॄत्वा सम्पुटितौ करौ दॄढतरं बद्ध्वा तु पद्ममासनं
गाढं वक्ष्हसि सन्निधाय छिबुकं धयायंश्छ तछ्छेतसि ।
वारं वारमपानमूर्ध्वमनिलं परोत्सारयन्पूरितं
नयञ्छन्प्राणमुपैति बोधमतुलं शक्ति परभावान्नरः ॥"
हठयोगप्रदीपिका का एकपञ्चाशत्तम श्लोक क्या है?,"पद्मासने सथितो योगी नाडी दवारेण पूरितम ।
मारुतं धारयेद्यस्तु स मुक्तो नात्र संशयः ॥"
हठयोगप्रदीपिका का द्विपञ्चाशत्तम श्लोक क्या है?,"अथ सिंहासनम
गुल्फौ छ वॄष्हणस्याधः सीवन्त्याः पार्श्वयोः कष्हिपेत ।
दक्ष्हिणे सव्य गुल्फं तु दक्ष्ह गुल्फं तु सव्यके ॥"
हठयोगप्रदीपिका का त्रिपञ्चाशत्तम श्लोक क्या है?,"हस्तौ तु जान्वोः संस्थाप्य सवाङ्गुलीः सम्प्रसार्य छ ।
वयात्त वक्तो निरीक्ष्हेत नासाग्रं सुसमाहितः ॥"
हठयोगप्रदीपिका का चतुर्पञ्चाशत्तम श्लोक क्या है?,"सिंहासनं भवेदेतत्पूजितं योगि पुणगवैः ।
बन्ध तरितय सन्धानं कुरुते छासनोत्तमम ॥"
हठयोगप्रदीपिका का पंचपञ्चाशत्तम श्लोक क्या है?,"अथ भद्रासनम
गुल्फौ छ वॄष्हणस्याधः सीवन्त्याः पार्श्वयोः कष्हिप्ते ।
सव्य गुल्फं तथा सव्ये दक्ष्ह गुल्फं तु दक्ष्हिणे ॥"
हठयोगप्रदीपिका का षट्पञ्चाशत्तम श्लोक क्या है?,"पार्श्व पादौ छ पाणिभ्यां दॄढं बद्ध्वा सुनिश्छलम ।
भद्रासनं भवेदेतत्सर्व वयाधि विनाशनम ।
गोरक्ष्हासनमित्याहुरिदं वै सिद्ध योगिनः ॥"
हठयोगप्रदीपिका का सप्तपञ्चाशत्तम श्लोक क्या है?,"एवमासन बन्धेष्हु योगीन्द्रो विगत शरमः ।
अभ्यसेन्नाडिका शुद्धिं मुद्रादि पवनी करियाम ॥"
हठयोगप्रदीपिका का अष्टपञ्चाशत्तम श्लोक क्या है?,"आसनं कुम्भकं छित्रं मुद्राख्यं करणं तथा ।
अथ नादानुसन्धानमभ्यासानुक्रमो हठे ॥"
हठयोगप्रदीपिका का नवपञ्चाशत्तम श्लोक क्या है?,"बरह्मछारी मिताहारी तयागी योग परायणः ।
अब्दादूर्ध्वं भवेद्सिद्धो नात्र कार्या विछारणा ॥"
हठयोगप्रदीपिका का षष्टितम श्लोक क्या है?,"सुस्निग्ध मधुराहारश्छतुर्थांश विवर्जितः ।
भुज्यते शिव सम्प्रीत्यै मिताहारः स उछ्यते ॥"
हठयोगप्रदीपिका का एकषष्टितम श्लोक क्या है?,"कट्वाम्ल तीक्ष्ह्ण लवणोष्ह्ण हरीत शाक 
सौवीर तैल तिल सर्ष्हप मद्य मत्स्यान ।
आजादि मांस दधि तक्र कुलत्थकोल 
पिण्याक हिङ्गु लशुनाद्यमपथ्यमाहुः ॥"
हठयोगप्रदीपिका का द्विषष्टितम श्लोक क्या है?,"भोजनमहितं विद्यात्पुनरस्योष्ह्णी कॄतं रूक्ष्हम ।
अतिलवणमम्ल युक्तं कदशन शाकोत्कं वर्ज्यम ॥"
हठयोगप्रदीपिका का त्रिषष्टितम श्लोक क्या है?,वह्नि सत्री पथि सेवानामादौ वर्जनमाछरेत ॥
हठयोगप्रदीपिका का चतुष्षष्टितम श्लोक क्या है?,"तथा हि गोरक्ष्ह वछनम
वर्जयेद्दुर्जन परान्तं वह्नि सत्री पथि सेवनम ।
परातः सनानोपवासादि काय कलेश विधिं तथा ॥"
हठयोगप्रदीपिका का पंचषष्टितम श्लोक क्या है?,"गोधूम शालि यव षहाष्ह्टिक शोभनान्नं
कष्हीराज्य खण्ड नवनीत सिद्धा मधूनि ।
शुण्ठी पटोल कफलादिक पञ्छ शाकं
मुद्गादि दिव्यमुदकं छ यमीन्द्र पथ्यम ॥"
हठयोगप्रदीपिका का षट्षष्टितम श्लोक क्या है?,"पुष्ह्टं सुमधुरं सनिग्धं गव्यं धातु परपोष्हणम ।
मनोभिलष्हितं योग्यं योगी भोजनमाछरेत ॥ ६६ ॥"
हठयोगप्रदीपिका का सप्तषष्टितम श्लोक क्या है?,"युवो वॄद्धो।अतिवॄद्धो वा वयाधितो दुर्बलो।अपि वा ।
अभ्यासात्सिद्धिमाप्नोति सर्व योगेष्ह्वतन्द्रितः ॥"
हठयोगप्रदीपिका का अष्टषष्टितम श्लोक क्या है?,"करिया युक्तस्य सिद्धिः सयादक्रियस्य कथं भवेत ।
न शास्त्र पाठ मात्रेण योग सिद्धिः परजायते ॥"
हठयोगप्रदीपिका का नवषष्टितम श्लोक क्या है?,"न वेष्ह धारणं सिद्धेः कारणं न छ तत कथा ।
करियैव कारणं सिद्धेः सत्यमेतन्न संशयः ॥"
हठयोगप्रदीपिका का सप्ततितम श्लोक क्या है?,"पीठानि कुम्भकाश्छित्रा दिव्यानि करणानि छ ।
सर्वाण्यपि हठाभ्यासे राज योग फलावधि ॥"
हठ योग प्रदीपिका क्या है?,"स्वामी स्वात्माराम द्वारा पंद्रहवीं शताब्दी में रचित एक महत्वपूर्ण ग्रंथ। यह राज योग की प्राप्ति के लिए 'सीढ़ी' के रूप में शारीरिक शुद्धि षट्कर्म, आसन, प्राणायाम और मुद्रा का वर्णन करता है।"
हठ योग प्रदीपिका में कितने श्लोक हैं?,"कैवल्यधाम के प्रामाणिक संस्करण के अनुसार लगभग 389 श्लोक। कुछ अन्य पांडुलिपियों में अतिरिक्त श्लोक मिलते हैं, जिससे संख्या 400 से अधिक हो जाती है।"
हठ योग प्रदीपिका में कितने अध्याय हैं?,"इसमें चार अध्याय या उपदेश हैं। पहला अध्याय आसन पर आधारित है, दूसरा अध्याय प्राणायाम या श्वसन नियंत्रण पर है, तीसरा अध्याय मुद्रा और बंध के बारे में है, और अंतिम अध्याय समाधि या नादानुसंधान पर आधारित है।"
हठ योग प्रदीपिका का लक्ष्य या सार क्या है?,"शारीरिक शुद्धि करना और कुंडलिनी शक्ति को जागृत करना, ताकि साधक राज योग या समाधि की स्थिरता के लिए तैयार हो सके।"
हठ योग प्रदीपिका क्या है?,"स्वामी स्वात्माराम द्वारा पंद्रहवीं शताब्दी में रचित एक महत्वपूर्ण ग्रंथ। यह राज योग की प्राप्ति के लिए 'सीढ़ी' के रूप में शारीरिक शुद्धि षट्कर्म, आसन, प्राणायाम और मुद्रा का वर्णन करता है।"
हठ योग प्रदीपिका में कितने श्लोक हैं?,"कैवल्यधाम के प्रामाणिक संस्करण के अनुसार लगभग 389 श्लोक। कुछ अन्य पांडुलिपियों में अतिरिक्त श्लोक मिलते हैं, जिससे संख्या 400 से अधिक हो जाती है।"
हठ योग प्रदीपिका में कितने अध्याय हैं?,"इसमें चार अध्याय या उपदेश हैं। पहला अध्याय आसन पर आधारित है, दूसरा अध्याय प्राणायाम या श्वसन नियंत्रण पर है, तीसरा अध्याय मुद्रा और बंध के बारे में है, और अंतिम अध्याय समाधि या नादानुसंधान पर आधारित है।"
हठ योग प्रदीपिका का लक्ष्य या सार क्या है?,"शारीरिक शुद्धि करना और कुंडलिनी शक्ति को जागृत करना, ताकि साधक राज योग या समाधि की स्थिरता के लिए तैयार हो सके।"
मन को प्रभावी ढंग से शांत कैसे किया जा सकता है?,"अनुलोम विलोम (एक के बाद एक नासिका श्वास) का अभ्यास करने से मन को प्रभावी ढंग से शांत किया जा सकता है। इसके लिए, रीढ़ सीधी रखते हुए स्थिर मुद्रा में बैठें और उंगलियों का उपयोग करके बारी बारी से बाएं और दाएं नासिका छिद्र से सांस लें। यह लयबद्ध श्वास तंत्रिका तंत्र को संतुलित करती है और ऊर्जा नलिकाओं (नाड़ियों) को शुद्ध करती है, जिससे तनाव जल्दी दूर होता है और गहरी मानसिक शांति प्राप्त होती है।"
पतंजलि योग सूत्र का पहला सूत्र क्या है?,अथ योगानुशासनम्
पतंजलि योग सूत्र का दूसरा सूत्र क्या है?,योगश्चित्त वृत्ति निरोधः
योग क्या है?,योगश्चित्त वृत्ति निरोधः
पतंजलि योग सूत्र का तीसरा सूत्र क्या है?,तदा द्रष्टः स्वरूपेवस्थानम्‌
पतंजलि योग सूत्र का चौथा सूत्र क्या है?,वृत्ति सारूप्यमितरत्र
पतंजलि योग सूत्र का पाँचवाँ सूत्र क्या है?,वृत्तयः पञ्चतय्यः किलष्टा अक्लिष्टाः 
पतंजलि योग सूत्र का छठा सूत्र क्या है?,प्रमाण विपर्यय विकल्प निद्रा स्मृतयः
पतंजलि योग सूत्र का सातवाँ सूत्र क्या है?,प्रत्यक्षानुमानागमाः प्रमाणानि
पतंजलि योग सूत्र का आठवाँ सूत्र क्या है?,विपर्ययो मिथ्याज्ञानमतद्रूपप्रतिष्ठम्
पतंजलि योग सूत्र का नौवाँ सूत्र क्या है?,शब्दज्ञानानुपाती वस्तुशून्यो विकल्पः
पतंजलि योग सूत्र का दसवाँ सूत्र क्या है?,अभावप्रत्ययालम्बना वृत्तिर्निद्रा
पतंजलि योग सूत्र का ग्यारहवाँ सूत्र क्या है?,अनुभूतविषयासम्प्रमोषः स्मृतिः
पतंजलि योग सूत्र का बारहवाँ सूत्र क्या है?,अभ्यासवैराग्याभ्यां तन्निरोधः
पतंजलि योग सूत्र का तेरहवाँ सूत्र क्या है?,तत्र स्थितौ यत्नोऽभ्यासः
पतंजलि योग सूत्र का चौदहवाँ सूत्र क्या है?,स तु दीर्घकालनैरन्तर्यसत्कारासेवितो दृढभूमिः
पतंजलि योग सूत्र का पंद्रहवाँ सूत्र क्या है?,दृष्टानुश्रविकविषयवितृष्णस्य वशीकारसंज्ञा वैराग्यम्
पतंजलि योग सूत्र का सोलहवाँ सूत्र क्या है?,तत्परं पुरुषख्यातेर्गुणवैतृष्ण्यम्
पतंजलि योग सूत्र का सत्रहवाँ सूत्र क्या है?,वितर्कविचारानन्दास्मितारूपानुगमात्सम्प्रज्ञातः
पतंजलि योग सूत्र का अठारहवाँ सूत्र क्या है?,विरामप्रत्ययाभ्यासपूर्वः संस्कारशेषोऽन्यः
पतंजलि योग सूत्र का उन्नीसवाँ सूत्र क्या है?,भवप्रत्ययो विदेहप्रकृतिलयानाम्
पतंजलि योग सूत्र का बीसवाँ सूत्र क्या है?,श्रद्धावीर्यस्मृतिसमाधिप्रज्ञापूर्वक इतरेषाम्
पतंजलि योग सूत्र का इक्कीसवाँ सूत्र क्या है?,तीव्रसंवेगानामासन्नः
पतंजलि योग सूत्र का बाईसवाँ सूत्र क्या है?,मृदुमध्याधिमात्रत्वात्ततोऽपि विशेषः
पतंजलि योग सूत्र का तेईसवाँ सूत्र क्या है?,ईश्वरप्रणिधानाद्वा
पतंजलि योग सूत्र का चौबीसवाँ सूत्र क्या है?,क्लेशकर्मविपाकाशयैरपरामृष्टः पुरुषविशेष ईश्वरः
पतंजलि योग सूत्र का पच्चीसवाँ सूत्र क्या है?,तत्र निरतिशयं सर्वज्ञबीजम्
पतंजलि योग सूत्र का छब्बीसवाँ सूत्र क्या है?,पूर्वेषामपि गुरुः कालेनानवच्छेदात्
पतंजलि योग सूत्र का सत्ताईसवाँ सूत्र क्या है?,तस्य वाचकः प्रणवः
पतंजलि योग सूत्र का अट्ठाईसवाँ सूत्र क्या है?,तज्जपस्तदर्थभावनम्
पतंजलि योग सूत्र का उनतीसवाँ सूत्र क्या है?,ततः प्रत्यक्चेतनाधिगमोऽप्यन्तरायाभावश्च
पतंजलि योग सूत्र का तीसवाँ सूत्र क्या है?,व्याधिस्त्यानसंशयप्रमादालस्याविरतिभ्रान्तिदर्शनालब्धभूमिकत्वानवस्थितत्वानि चित्तविक्षेपास्तेऽन्तरायाः
पतंजलि योग सूत्र का इकतीसवाँ सूत्र क्या है?,दुःखदौर्मनस्याङ्गमेजयत्वश्वासप्रश्वासा विक्षेपसहभुवः
पतंजलि योग सूत्र का बत्तीसवाँ सूत्र क्या है?,तत्प्रतिषेधार्थमेकतत्त्वाभ्यासः
पतंजलि योग सूत्र का तैंतीसवाँ सूत्र क्या है?,मैत्रीकरुणामुदितोपेक्षणां सुखदुःखपुण्यापुण्यविषयाणां भावनातश्चित्तप्रसादनम्
पतंजलि योग सूत्र का चौंतीसवाँ सूत्र क्या है?,प्रच्छर्दनविधारणाभ्यां वा प्राणस्य
पतंजलि योग सूत्र का पैंतीसवाँ सूत्र क्या है?,विषयवती वा प्रवृत्तिरुत्पन्ना मनसः स्थितिनिबन्धनी
पतंजलि योग सूत्र का छत्तीसवाँ सूत्र क्या है?,विशोका वा ज्योतिष्मती
पतंजलि योग सूत्र का सैंतीसवाँ सूत्र क्या है?,वीतरागविषयं वा चित्तम्
पतंजलि योग सूत्र का अड़तीसवाँ सूत्र क्या है?,स्वप्ननिद्राज्ञानालम्बनं वा
पतंजलि योग सूत्र का उनतालीसवाँ सूत्र क्या है?,यथाभिमतध्यानाद्वा
पतंजलि योग सूत्र का चालीसवाँ सूत्र क्या है?,परमाणुपरममहत्त्वान्तोऽस्य वशीकारः
पतंजलि योग सूत्र का इकतालीसवाँ सूत्र क्या है?,क्षीणवृत्तेरभिजातस्येव मणेर्ग्रहीतृग्रहणग्राह्येषु तत्स्थतदञ्जनतासमापत्तिः
पतंजलि योग सूत्र का बयालीसवाँ सूत्र क्या है?,तत्र शब्दार्थज्ञानविकल्पैः संकीर्णा सवितर्का समापत्तिः
पतंजलि योग सूत्र का तैंतालीसवाँ सूत्र क्या है?,स्मृतिपरिशुद्धौ स्वरूपशून्येवार्थमात्रनिर्भासा निर्वितर्का
पतंजलि योग सूत्र क्या है?,महर्षि पतंजलि द्वारा रचित शास्त्रीय योग का आधारभूत ग्रंथ। यह योग दर्शन को सूत्रों में संकलित करता है और मन पर नियंत्रण के लिए 'अष्टांग योग' का मार्ग बताता है।
पतंजलि योग सूत्र में कितने सूत्र हैं?,"इसमें कुल एक सौ छियानवे सूत्र हैं। अध्यायों के अनुसार इनका विवरण इस प्रकार है: 51, 55, 55 और 35 सूत्र। कुछ परंपराओं में तीसरे अध्याय के आखिरी दो सूत्रों को एक साथ जोड़ दिया जाता है, जिससे कुल एक सौ पंचानवे सूत्र माने जाते हैं।"
पतंजलि योग सूत्र में कितने अध्याय हैं?,"इसमें चार अध्याय या पाद हैं। पहला अध्याय समाधि पाद या एकाग्रता पर है, दूसरा अध्याय साधना पाद या अभ्यास पर है, तीसरा अध्याय विभूति पाद या शक्तियां पर है, और अंतिम अध्याय कैवल्य पाद या मुक्ति पर आधारित है।"
पतंजलि योग सूत्र का लक्ष्य या सार क्या है?,चित्त वृत्ति निरोध या मन की चंचलता को पूरी तरह रोकना के माध्यम से कैवल्य या मोक्ष प्राप्त करना।
"गीता कर्म-योग (निस्वार्थ कर्म) और त्याग के बीच सामंजस्य कैसे स्थापित करती है, और ""परिणामों से आसक्ति के बिना कर्म करने"" का क्या अर्थ है?","भगवद् गीता कर्म-योग—कर्तव्य के रूप में किए गए निस्वार्थ कर्म—को त्याग (संन्यास) के साथ सामंजस्य स्थापित करती है, केवल कर्मों के बाहरी परित्याग को सच्चे आंतरिक त्याग से अलग करते हुए, इस बात पर जोर देती है कि कर्म-योग मन को शुद्ध करता है और अधिकांश अभ्यासकर्ताओं के लिए अधिक सुगमता से मुक्ति की ओर ले जाता है।"
"गीता में वर्णित चार योग (कर्म, भक्ति, ज्ञान, रज) और योग सूत्र में वर्णित आठ अंगों वाले मार्ग की मुक्ति प्राप्ति के दृष्टिकोण में क्या अंतर है?","भगवद् गीता के चार योग—कर्म (निस्वार्थ कर्म), भक्ति (समर्पण), ज्ञान (ज्ञान) और रज (ध्यान)—मोक्ष (मुक्ति) के लिए लचीले, व्यक्तित्व के अनुकूल मार्ग प्रदान करते हैं, जबकि पतंजलि का अष्टांग योग कैवल्य (पुरुष को प्रकृति से अलग करना) के लिए एक संरचित, क्रमबद्ध अनुशासन प्रदान करता है।"
आधुनिक आसन-केंद्रित योग किस हद तक योग सूत्र और हठ योग प्रदीपिका जैसे शास्त्रीय स्रोतों पर आधारित हो सकता है?,"पतंजलि ने आसन का उल्लेख केवल तीन बार किया है (यशायाह श्लोक 2.46-48): ध्यान के लिए ""स्थिर और आरामदायक"", बिना किसी नाम वाली मुद्राओं या अनुक्रमों के।"
आधुनिक आसन-केंद्रित योग किस हद तक योग सूत्र और हठ योग प्रदीपिका जैसे शास्त्रीय स्रोतों पर आधारित हो सकता है?,"यह नैतिकता के बाद तीसरा अंग है, केंद्रीय नहीं। आधुनिक गतिशील प्रवाह इस चिंतनशील इरादे के विपरीत हैं, हालांकि कृष्णमाचार्य जैसे 20वीं सदी के शिक्षकों ने जिम्नास्टिक से प्रभावित मुद्राओं को शामिल करने के बावजूद वैधता के लिए सूत्रों का सहारा लिया।"
क्रिया योग के तीन भाग कौन से हैं?,"वे हैं: तप य अनुशासन, स्वाध्याय य आत्म-अध्ययन, और ईश्वर प्रणिधान य ईश्वर के प्रति समर्पण।"
दुख के 5 कारण (क्लेश) कौन से हैं?,"5 कारण हैं: अज्ञान, अहंकार, लगाव (राग), घृणा (द्वेष), और मृत्यु का भय।"
योग के 8 अंग कौन से हैं?,"वे हैं: यम, नियम, आसन, प्राणायाम, प्रत्याहार, धारणा, ध्यान और समाधि।"
5 नैतिक नियम (यम) क्या हैं?,"वे हैं: अहिंसा, सत्य, चोरी न करना (अस्तेय), ब्रह्मचर्य और संग्रह न करना (अपरिग्रह)।"
आसन की सही परिभाषा क्या है?,"आसन वह मुद्रा है जो स्थिर और आरामदायक हो, जिससे मन को आराम मिले।"
प्रत्याहार क्या है?,यह इंद्रियों (जैसे सुनना/देखना) को बाहरी दुनिया से हटाकर अंदर की ओर मोड़ना है।
योग क्या है?,"योग, जिसे आम तौर पर योगा के नाम से जाना जाता है, संस्कृत शब्द 'युज' से लिया गया है। सचेतन जुड़ाव प्राप्त करना योग के सच्चे सार तक पहुँचने की कुंजी है। इस सचेतन जागरूकता के माध्यम से, हम स्वयं को पूरी तरह से वर्तमान क्षण में लीन कर पाते हैं और अपने आस-पास के लोगों, वस्तुओं और अनुभवों को अधिक गहनता से महसूस कर पाते हैं। जुड़ाव की यह अवस्था एक आनंददायक और तृप्त करने वाला अनुभव है जो हमारे जीवन में गहराई और समृद्धि का एक नया स्तर जोड़ता है।"
योग क्या है?,"यह योग को समभाव (""सफलता और असफलता में मन की एकरूपता""), ""कर्म में कुशलता"" और ""दुख से संपर्क से अलगाव"" के रूप में परिभाषित करता है।"
योग क्या है?,योग को योगश्चित्तवृत्तिनिरोधः के रूप में परिभाषित किया जाता है – मन की चंचलता का निवारण।
योग क्या है?,"योग को ""इंद्रियों पर दृढ़ नियंत्रण"" के रूप में वर्णित किया गया है, जब इंद्रियां और मन शांत होते हैं और बुद्धि विश्राम की स्थिति में होती है।"
योग दर्शन के मूलभूत ग्रंथ कौन से हैं?,"पतंजलि योग सूत्र: शास्त्रीय योग का एक मूलभूत दार्शनिक ग्रंथ, जिसमें पतंजलि द्वारा रचित 196 सूत्र (सूत्र) शामिल हैं। यह अष्टांग मार्ग (यम, नियम, आसन, प्राणायाम, प्रत्याहार, धारणा, ध्यान और समाधि) को व्यवस्थित करता है, और विस्तृत शारीरिक तकनीकों के बजाय मन, ज्ञान और मुक्ति पर ध्यान केंद्रित करता है।"
योग दर्शन के मूलभूत ग्रंथ कौन से हैं?,"हठ योग प्रदीपिका (~15वीं शताब्दी ईस्वी): हठ/आसनात्मक योग तकनीकों (आसन, प्राणायाम, मुद्रा) के लिए आधारभूत ग्रंथ।"
योग दर्शन के मूलभूत ग्रंथ कौन से हैं?,"घेरंडा संहिता: यह दृढ़तापूर्वक अभ्यास-उन्मुख ग्रंथ है, जिसमें 32 आसन, 25 मुद्राएं, 10 प्राणायाम, 5 प्रकार के प्रत्याहार, जीवनशैली संबंधी मार्गदर्शन और शरीर, मन और आत्मा की पूर्णता के लक्ष्य का विस्तृत वर्णन है।"
योग दर्शन के मूलभूत ग्रंथ कौन से हैं?,योग याज्ञवल्क्य: एक शास्त्रीय संस्कृत योग पाठ जिसे ऋषि याज्ञवल्क्य और गार्गी के बीच संवाद के रूप में तैयार किया गया है।
यम और नियम से विशेष रूप से क्या तात्पर्य है?,"स्पष्ट रूप से अहिंसा-सत्य-अस्तेय-ब्रह्मचर्य-अपरिग्रहः यमाः (""अहिंसा, सत्यवादिता, चोरी न करना, संयम, अपरिग्रह"") के रूप में सूचीबद्ध है।

अहिंसा: विचार, वचन और कर्म से हानि न पहुँचाना।

सत्य: विकृति रहित सत्यवादिता।

अस्तेय: चोरी न करना (लोभ न करना भी शामिल है)।

ब्रह्मचर्य: प्राण ऊर्जा का संयम (संयम/ब्रह्मचर्य)।

अपरिग्रह: अपरिग्रह/लोभ न करना।"
यम और नियम से विशेष रूप से क्या तात्पर्य है?,"नियम (पांच अनुष्ठान) – यशायाह 2.32
शौच-संतोष-तपः-स्वाध्याय-ईश्वरप्रणिधानानि नियमाः (""शुद्धता, संतोष, तपस्या, आत्म-अध्ययन, ईश्वर के प्रति समर्पण"")।

शौच: स्वच्छता (बाह्य/आंतरिक)।

संतोष: संतोष।

तपस: ताप/अनुशासन/तपस्या।

स्वाध्याय: शास्त्रों का अध्ययन/आत्म-चिंतन।

ईश्वरप्रणिधान: ईश्वर के प्रति भक्ति/समर्पण।

"
योग के आठ अंग कौन-कौन से हैं?,"यम (संयम) में सार्वभौमिक नैतिक सिद्धांत शामिल हैं—अहिंसा (अहिंसा), सत्य (सत्यवादिता), अस्तेय (चोरी न करना), ब्रह्मचर्य (संयम) और अपरिग्रह (अपरिग्रह)—जो समय, स्थान या परिस्थिति की परवाह किए बिना बिना किसी अपवाद के लागू होते हैं।

नियम (पालन) में व्यक्तिगत शुद्धि शामिल है: शौच (शुद्धता), संतोष (संतोष), तप (तपस्या), स्वाध्याय (शास्त्रों का अध्ययन) और ईश्वरप्रणिधान (ईश्वर के प्रति समर्पण), जो आंतरिक स्पष्टता को विकसित करते हैं।

आसन (मुद्रा) द्वैत से मुक्त एक स्थिर, आरामदायक स्थिति (स्थिर-सुखम आसनम) स्थापित करता है, जो शरीर को दीर्घकालिक ध्यान के लिए तैयार करता है।


प्राणायाम (श्वास नियमन) श्वास ग्रहण (पूरक), श्वास निःग्रहण (रेचक) और श्वास धारण (कुंभक) के माध्यम से प्राण को नियंत्रित करता है, जिससे प्रकाश का आवरण हट जाता है।

प्रत्याहार (इंद्रियों को नियंत्रित करना) इंद्रियों को बाह्य वस्तुओं से अलग करता है और मन की प्रवृत्तियों पर नियंत्रण प्रदान करता है।

धारणा (एकाग्रता) जागरूकता को एक बिंदु पर स्थिर करती है (देश-बंधस चित्तस्य धारणा), जो ध्यान का द्वार है।

ध्यान (मेडिटेशन) उस बिंदु की ओर जागरूकता के निरंतर प्रवाह को बनाए रखता है।

समाधि (लीनता) ज्ञाता, ज्ञाता और ज्ञाता को अद्वैत एकता में विलीन कर देती है, जो मार्ग की पराकाष्ठा है।"
क्रिया योग की क्या भूमिका है?,"पतंजलि के योग सूत्र 2.1 (तपः-स्वाध्याय-ईश्वरप्रणिधानानि क्रिया-योगः) में परिभाषित क्रिया योग को ""कर्म का योग"" या तैयारी अभ्यास कहा गया है, जिसमें तीन घटक शामिल हैं: तपस (तपस्या/अनुशासन), स्वाध्याय (स्वयं-अध्ययन/शास्त्रों का पाठ), और ईश्वरप्रणिधान (ईश्वर के प्रति समर्पण/भक्ति)।

वाईएस 2.2 के अनुसार, इसकी भूमिका दोहरी है: (1) समाधि-सिद्धि (समाधि अवस्था की प्राप्ति) का विकास करना और (2) क्लेशों (अविद्या आदि, वाईएस 2.3-2.11) को कम करना, रजस/तमस के कारण उत्पन्न मानसिक अशांति (चित्त-वृत्ति) को कम करना, इस प्रकार मन को अष्टांग मार्ग जैसे उच्च अंगों के लिए शुद्ध करना।

यह क्रिया योग को प्रारंभिक साधना-पाद अभ्यास के रूप में स्थापित करता है जो नैतिकता (यम/नियम) और ध्यान को जोड़ता है, प्रत्यक्ष अंतर्दृष्टि (विवेक-ख्याति) और मुक्ति (कैवल्य) के लिए सत्व को बढ़ावा देता है।"
"योग दर्शन में तीन गुण क्या हैं, और वे मन को कैसे प्रभावित करते हैं?","सत्व (स्पष्टता/शुद्धता/सामंजस्य) प्रकाश, स्पष्टता, शांति, ज्ञान और आनंद प्रकट करता है; जब यह प्रबल होता है, तो यह स्थिर मन (चित्त), समभाव और सत्य के प्रति ग्रहणशीलता (विवेक) को बढ़ावा देता है, जैसा कि यशायाह 1.16 में सत्व-पुरुष-अन्यतख्याति (सत्व और पुरुष के बीच भेद) में वर्णित है।

रजस (सक्रियता/वासना) गति, इच्छा, बेचैनी, महत्वाकांक्षा, क्रोध और परिवर्तन को प्रेरित करता है; यह मन को तृष्णा (राग) और विकर्षणों (वृत्तियों) से व्याकुल करता है, जिससे कर्म और आसक्ति बनी रहती है (उदाहरण के लिए, यशायाह 2.3 में क्लेशों को बढ़ावा देना)।

तमस (जड़ता/अंधकार) सुस्ती, भ्रम, उदासीनता, भारीपन, अज्ञान (अविद्या) और अवरोध उत्पन्न करता है; यह निर्णय लेने की क्षमता को धूमिल करता है, टालमटोल, अवसाद और आवरण (आवरण) को बढ़ावा देता है, अंतर्दृष्टि में बाधा डालता है (उदाहरण के लिए, वाईएस 1.16)।"
"योग दर्शन में तीन गुण क्या हैं, और वे मन को कैसे प्रभावित करते हैं?","योग अभ्यासों (क्रिया, अष्टांग) का उद्देश्य सत्व को बढ़ाना, रजस को संतुलित/नियंत्रित करना और तमस को कम करना है, जिससे मानसिक शुद्धि (चित्त-शुद्धि) हो सके और ध्यान और गुणों का पारगमन (गुण-परिणामभिसमाधि, YS 4.32–34) संभव हो सके।"
"योग दर्शन में तीन गुण क्या हैं, और वे मन को कैसे प्रभावित करते हैं?","योग दर्शन में तीन गुण—सत्व, रजस और तमस—प्रकृति (आदिम पदार्थ) के मूलभूत घटक हैं, जिन्हें सांख्य से लिया गया है और पतंजलि के योग सूत्रों (जैसे, 1.16, 2.45, 4.13–14, 4.32–34) में संदर्भित किया गया है, जहाँ वे गतिशील रूप से परस्पर क्रिया करते हुए मन (चित्त) सहित सभी घटनाओं को रंग देते हैं, पुरुष (चेतना) को संसार से तब तक बांधते हैं जब तक कि योग के माध्यम से इसे पार नहीं किया जाता है।"
पांच क्लेश क्या हैं और वे किस प्रकार दुख का कारण बनते हैं?,"पतंजलि के योग दर्शन में, पाँच क्लेश (पीड़ाएँ) मनुष्य के दुख (दुःख) के मूल कारण हैं, जिनका उल्लेख योग सूत्र 2.3 में किया गया है: अविद्या-अस्मिता-राग-द्वेष-अभिनिवेशः क्लेशः (""अज्ञान, अहंकार, आसक्ति, घृणा और जीवन से आसक्ति ही क्लेश हैं"")। ये सच्चे ज्ञान (विद्या) को ढक लेते हैं, चित्तवृत्ति (मन की अस्थिरता, योग सूत्र 1.5-11) को बनाए रखते हैं, कर्म को बढ़ावा देते हैं और पुरुष को संसार से बांधते हैं, जो अव्यक्त (प्रसूप्त), क्षीण (तनु), आंतरायिक (विच्छिन्न) या सक्रिय (उदार) अवस्थाओं के रूप में प्रकट होते हैं (योग सूत्र 2.4)।"
पांच क्लेश क्या हैं और वे किस प्रकार दुख का कारण बनते हैं?,"क्रिया योग (वाईएस 2.1-2.2) और अष्टांग अभ्यास (वाईएस 2.29) उन्हें उत्तरोत्तर परिनामी-प्रतिसंख्य (पूर्ण जड़ से उखाड़ना, वाईएस 4.30) की ओर क्षीण करते हैं, जिससे मुक्ति (कैवल्य, वाईएस 4.34) प्राप्त होती है।"
पांच क्लेश क्या हैं और वे किस प्रकार दुख का कारण बनते हैं?,"अविद्या (अज्ञान, यशायाह 2.4-2.5): मूल शब्द क्लेश है; क्षणभंगुर को क्षणभंगुर, अशुद्ध को शुद्ध, दुख को सुख और अनात्म को आत्म समझना—जिससे अन्य सभी चीजें और निरंतर पुनर्जन्म होता है।

अस्मिता (अहंकार-पहचान, यशायाह 2.6): पुरुष (शुद्ध चेतना) को बुद्धि/सत्व (मन/पदार्थ) के साथ भ्रमित करना, ""मैं हूँ"" की भावना और आत्मकेंद्रितता को बढ़ावा देना, अलगाव और प्रतिक्रियाशीलता को बढ़ाना।

राग (आसक्ति/पसंद, यशायाह 2.7): पूर्व सुखों के कारण सुख/अनुभवों की लालसा, जिससे व्यसन, असंतोष और क्षणिक सुखों की अंतहीन खोज होती है।

द्वेष (घृणा/नापसंदगी, यशायाह 2.8): अतीत के दुखों के स्रोतों से घृणा, जिससे क्रोध, बचाव और संघर्ष/शत्रुता के चक्र उत्पन्न होते हैं।


अभिनिवेश (आसक्ति/मृत्यु का भय, YS 2.9): बुद्धिमानों में भी देहधारी होने की सहज आसक्ति, जो अस्तित्व की प्रवृत्ति, परिवर्तन/हानि का भय और सांसारिक अस्तित्व को बनाए रखने को प्रेरित करती है।"
योग ज्ञानमीमांसा में प्रमाण (ज्ञान के साधन) क्या हैं?,"योग ज्ञानमीमांसा, सांख्य के अनुरूप, तीन प्रमाणों (ज्ञान के वैध साधन) को सच्चे ज्ञान (प्रमा) उत्पन्न करने वाली प्राथमिक वृत्तियों के रूप में स्वीकार करती है: प्रत्यक्ष (प्रत्यक्ष बोध), अनुमान (अनुमान), और आगम/शब्द (शास्त्रीय साक्ष्य), योग सूत्र 1.7 के अनुसार (प्रत्यक्ष-अनुमान-आगमाः प्रमाणानि)।"
योग ज्ञानमीमांसा में प्रमाण (ज्ञान के साधन) क्या हैं?,"प्रत्यक्ष (बोध): वस्तुओं का प्रत्यक्ष इंद्रिय-ज्ञान, मूलभूत और श्रेष्ठ प्रमाण, क्योंकि अन्य सभी इस पर निर्भर करते हैं; इसमें सामान्य इंद्रियाँ और योगिक निर्वितर्क-समापत्ति शामिल हैं (YS 1.7, 1.49)।

अनुमान (निष्कर्ष): देखे गए संकेतों/बोधों से तार्किक निष्कर्ष द्वारा प्राप्त ज्ञान (उदाहरण के लिए, धुआँ आग का संकेत है); हेतु (तर्क), साध्य (निष्कर्ष), उदाहारण (उदाहरण) के रूप में संरचित (YS 1.7)।

आगम/शब्द (मौखिक प्रमाण): प्रामाणिक स्रोतों (आप्त-वचन) के विश्वसनीय शब्द, जैसे वैदिक शास्त्र या ज्ञानी ऋषियों के, यदि खंडन न किया जाए तो मान्य; इंद्रियों/अनुमान से परे सूक्ष्म सत्यों के लिए महत्वपूर्ण (YS 1.7)।"
योग ज्ञानमीमांसा में प्रमाण (ज्ञान के साधन) क्या हैं?,"ये वैध ज्ञान को अमान्य वृत्तियों जैसे विपर्यय (त्रुटि, वाईएस 1.8) से अलग करते हैं, जो मुक्ति के लिए विवेक-ख्याति (विवेकपूर्ण विवेक) को सक्षम बनाते हैं; व्यवहार में प्रत्यक्ष को प्राथमिकता दी जाती है।"
योग-सांख्य में पुरुष (शुद्ध चेतना) और प्रकृति (पदार्थ/स्वरूप) के बीच क्या अंतर है?,"योग-सांख्य द्वैतवाद में, पुरुष (शुद्ध चेतना) शाश्वत, अपरिवर्तनीय, निष्क्रिय, एकात्मक-पर-बहुवचन साक्षी (साक्षी) है, जो सच्चा आत्म है—गुणों से रहित (निर्गुण), बोध या परिवर्तन से परे, सृजन या अनुभव में असमर्थ, केवल घटनाओं के प्रकाशक (दृख) के रूप में कार्य करता है।

प्रकृति (आदिम प्रकृति/पदार्थ) तीन गुणों (सत्व, रजस, तमस) के शाश्वत संतुलन में स्थित अचेतन, सक्रिय भौतिक सिद्धांत है, जो पुरुष के निकट आने पर 24 तत्वों (बुद्धि, अहंकार, मनस, इंद्रियां, तन्मात्र, महाभूत) में विकसित होता है, और सृजन, बोध और दुख के बोधगम्य संसार को प्रकट करता है।

यह अंतर बिल्कुल स्पष्ट है: पुरुष दृष्ट (दर्शक, कर्मकारक नहीं) है जबकि प्रकृति दृष्ट (दृश्यमान, परिवर्तन का कर्मकारक; यशायाह 2.16-18, 4.18-21) है; दुख अविद्या से प्रेरित गलत पहचान (संयोग) से उत्पन्न होता है, जहाँ पुरुष चित्त (मन) के माध्यम से प्रकृति के प्रवाह का गलत अर्थ निकालता है, जिससे संसार निरंतर बना रहता है। मुक्ति (कैवल्य, यशायाह 4.34) विवेकपूर्ण अलगाव (विवेकख्याति, यशायाह 2.26) है, जो उनके बीच के अटूट अलगाव को साकार करती है।"
"अंतर्राष्ट्रीय योग दिवस कब है, और इसका प्रस्ताव किसने रखा था?","अंतर्राष्ट्रीय योग दिवस प्रतिवर्ष 21 जून को मनाया जाता है। इसका प्रस्ताव भारत के प्रधानमंत्री नरेंद्र मोदी ने 27 सितंबर, 2014 को संयुक्त राष्ट्र महासभा में अपने संबोधन में रखा था।"
"अंतर्राष्ट्रीय योग दिवस कब है, और इसका प्रस्ताव किसने रखा था?","संयुक्त राष्ट्र महासभा ने 11 दिसंबर, 2014 को संकल्प (69/131) पारित कर 21 जून को अंतर्राष्ट्रीय योग दिवस घोषित किया, जिसमें रिकॉर्ड 177 सदस्य देशों ने सह-प्रायोजन किया; पहला आयोजन 21 जून, 2015 को हुआ। 21 जून को इसलिए चुना गया क्योंकि यह ग्रीष्म संक्रांति का प्रतीक है, जो उत्तरी गोलार्ध में सबसे लंबा दिन होता है और प्रकृति के साथ योग के सामंजस्य का प्रतीक है।"
योग मानव स्वभाव में कितने व्यक्तित्वों या परतों को स्वीकार करता है?,"योग मानव स्वभाव में पाँच परतों (पंच-कोश) या आवरणों (कोश) को स्वीकार करता है, जो उत्तरोत्तर सूक्ष्म आवरण हैं और आत्मा (स्वयं) को ढकते हैं, जैसा कि तैत्तिरीय उपनिषद 2.1-8 (ब्रह्मानंद-वल्ली) में वर्णित है: अन्नमय कोश (भोजन/भौतिक शरीर), प्राणमय कोश (प्राण ऊर्जा/प्राण), मनोमय कोश (मन/भावनाएँ), विज्ञानमय कोश (बुद्धि/विवेक), और आनंदमय कोश (आनंद/कारण)।"
योग मानव स्वभाव में कितने व्यक्तित्वों या परतों को स्वीकार करता है?,"ये प्याज की परतों की तरह स्वयं को ढक लेते हैं, योग अभ्यास समग्र एकीकरण और आत्म-साक्षात्कार (कोश-विवेक) के लिए प्रत्येक को शुद्ध करते हैं; पातंजल योग चित्त (मन-क्षेत्र) के माध्यम से मनोमय/विज्ञानमय, प्राण नियमन और पुरुष विवेक के रूप में सहसंबंध स्थापित करता है (वाईएस 1.2, 2.19)।"
"क्या योग से लचीलापन, रोग प्रतिरोधक क्षमता, पाचन और चयापचय में सुधार होता है?","जी हां, वैज्ञानिक अध्ययन योग के लचीलेपन, रोग प्रतिरोधक क्षमता, पाचन और चयापचय संबंधी लाभों की पुष्टि करते हैं। नियमित अभ्यास तनाव कम करके (कोर्टिसोल स्तर को कम करके), रक्त संचार में सुधार, अंगों को उत्तेजित करके और तंत्रिका-अंतःस्रावी संतुलन बनाकर इन लाभों को बढ़ाता है।"
"क्या योग से लचीलापन, रोग प्रतिरोधक क्षमता, पाचन और चयापचय में सुधार होता है?","लचीलापन: योग से गति की सीमा और मांसपेशियों की लोच बढ़ती है, विशेष रूप से वृद्ध वयस्कों में; अध्ययनों से पता चलता है कि 8-12 सप्ताह के बाद महत्वपूर्ण लाभ मिलते हैं।

रोग प्रतिरोधक क्षमता: आसन, प्राणायाम और विश्राम से प्राकृतिक किलर कोशिकाएं बढ़ती हैं, सूजन के लक्षण कम होते हैं, लसीका प्रवाह बढ़ता है और तनाव हार्मोन कम होते हैं, जिससे प्रतिरक्षा प्रणाली मजबूत होती है।"
"क्या योग से लचीलापन, रोग प्रतिरोधक क्षमता, पाचन और चयापचय में सुधार होता है?","पाचन क्रिया: शरीर को मोड़ने, आगे झुकने (जैसे पवनमुक्तासन) और पेट के आसन पेरिस्टालसिस को उत्तेजित करते हैं, आईबीएस/पेट फूलने से राहत दिलाते हैं और वेगस तंत्रिका के माध्यम से आंत-मस्तिष्क अक्ष को बेहतर बनाते हैं।

चयापचय क्रिया: विन्यासा और पावर योग जैसी ज़ोरदार शैलियाँ कैलोरी बर्न, इंसुलिन संवेदनशीलता और थायरॉइड कार्यप्रणाली को बढ़ाती हैं; सचेत खानपान के साथ मिलकर ये वजन नियंत्रण और ग्लूकोज नियंत्रण में सहायक होती हैं।"
योग के क्या-क्या स्वास्थ्य लाभ हैं?,"योग मांसपेशियों की ताकत, लचीलापन, संतुलन और हृदय-श्वसन क्रिया को बढ़ाता है; मेटा-विश्लेषण से पता चलता है कि वयस्कों/बुजुर्गों में ऊपरी/निचले अंगों की ताकत (एसएमडी 0.55-0.65), लचीलेपन (एसएमडी 0.38-0.49) और संतुलन (एसएमडी 0.64-0.81) पर मध्यम प्रभाव पड़ता है।"
योग के क्या-क्या स्वास्थ्य लाभ हैं?,"योग तनाव, चिंता और अवसाद के लक्षणों को कम करता है (एसएमडी 0.50–0.86), साथ ही मनोदशा संबंधी विकारों और जीवन की गुणवत्ता में सुधार के लिए मध्यम प्रमाण भी मौजूद हैं।

मस्तिष्क स्वास्थ्य लाभों में संज्ञानात्मक और भावनात्मक विनियमन के लिए न्यूरोप्लास्टिसिटी परिवर्तन शामिल हैं।"
प्राणायाम का अभ्यास कब और कितनी बार करना चाहिए?,"प्राणायाम का अभ्यास परंपरागत रूप से सुबह जल्दी (4-6 बजे, ब्रह्म मुहूर्त) खाली पेट (भोजन के 2-4 घंटे बाद), स्वच्छ और शांत वातावरण में, आसनों में निपुणता प्राप्त करने के बाद किया जाता है (यश्वासन 2.49: तस्मिन् सति श्वास-प्रश्वासयोर् गति-विच्छेदः प्राणायामः)। शाम (सूर्यास्त से पहले/सोने का समय) इस अभ्यास के लिए उपयुक्त है।"
प्राणायाम का अभ्यास कब और कितनी बार करना चाहिए?,"आवृत्ति: सर्वोत्तम परिणामों के लिए प्रतिदिन; शुरुआती लोगों के लिए 5-10 मिनट (2-3 राउंड/तकनीक), स्वास्थ्य के लिए 15-30 मिनट (दिन में 3 सत्र तक)। नियमितता अवधि से अधिक महत्वपूर्ण है—उन्नत ग्रंथों (जैसे, सांख्यकारिका के प्रभाव) में प्रतिदिन 320 सांसें लेने का अभ्यास बताया गया है, लेकिन तनाव से बचने के लिए धीरे-धीरे शुरू करें।"
प्राणायाम क्या है?,"प्राणायाम पतंजलि के अष्टांग योग का चौथा अंग है, जिसे योग सूत्र 2.49-2.53 में स्थिर आसन में महारत हासिल करने के बाद श्वास (पूरक), श्वास (रेचक) और श्वास-धारण (कुंभक) के नियमन या समाप्ति (गति-विच्छेदः) के रूप में परिभाषित किया गया है, जिसका उद्देश्य आंतरिक प्रकाश (दीव-स्पर्श, योग सूत्र 2.52) को प्रकट करके चित्त-वृत्तियों को शांत करना है।"
प्राणायाम क्या है?,"शब्द की व्युत्पत्ति प्राण (सर्वव्यापी जीवन शक्ति/ऊर्जा) + आयाम (विस्तार/नियंत्रण/समाप्ति) से हुई है, जो मात्र श्वास लेने से परे जाकर ब्रह्मांडीय प्राण का उपयोग करती है और प्रत्याहार एवं ध्यान की तैयारी कराती है (यशव योग 2.53)। हठ योग प्रदीपिका (2.2-3) जैसे शास्त्रीय ग्रंथों में तकनीकों (जैसे नाड़ीशोधन) का विस्तृत वर्णन है, जबकि भगवद् गीता 4.29 में समाधि के लिए श्वास त्याग का संकेत मिलता है।"
कौन से शुरुआती आसन ताकत और लचीलापन बढ़ाते हैं?,"प्रारंभिक स्तर पर, पैरों (पैर, कोर, हाथ) की ताकत और हैमस्ट्रिंग (कूल्हे, कूल्हे, रीढ़) की लचीलता बढ़ाने के लिए ताड़ासन, वृक्षासन, भुजंगासन, अधो मुख श्वानासन और उत्कटासन जैसे आसनों की सलाह दी जाती है। योग के सभी स्कूलों में इन्हें मूलभूत अभ्यास के लिए सुझाया जाता है।"
कौन से शुरुआती आसन ताकत और लचीलापन बढ़ाते हैं?,"ताड़ासन (पर्वत मुद्रा): शरीर को सही स्थिति में लाता है, टखनों/पैरों/कोर को मजबूत करता है; सीधे खड़े हों, हाथ सिर के ऊपर रखें, 30-60 सेकंड तक रोकें।

वृक्षासन (वृक्ष मुद्रा): पैरों/टखनों की ताकत, कूल्हों की लचीलता और संतुलन बढ़ाता है; पैर जांघ के भीतरी भाग पर रखें, प्रार्थना मुद्रा में हाथ रखें, 20-30 सेकंड प्रति पक्ष।

भुजंगासन (कोबरा मुद्रा): पीठ/रीढ़ की हड्डी को मजबूत करता है, छाती को खोलता है; पेट के बल लेटकर छाती को ऊपर उठाएं, 15-30 सेकंड तक रोकें।

अधो मुख श्वानासन (कुत्ता मुद्रा): हैमस्ट्रिंग/पिंडलियों/कंधों को फैलाता है, हाथों/पैरों को मजबूत करता है; उल्टा वी मुद्रा में 30 सेकंड से 1 मिनट तक रोकें।

उत्कटासन (कुर्सी मुद्रा): जांघों/कोर/कंधों को टोन करता है; घुटने मोड़ें, हाथ ऊपर रखें, 30-60 सेकंड तक रोकें।"
"प्राणायाम साधारण गहरी सांस लेने से किस प्रकार भिन्न है, और इसके मानसिक लाभ क्या हैं?","प्राणायाम साधारण गहरी साँस लेने से इस मायने में भिन्न है कि यह प्राण (जीवन शक्ति) के नियमन का एक संरचित योगिक विज्ञान है, जिसमें सटीक तकनीकों (पूरक, रेचक, कुंभक), बंधों (लॉक) और अनुपातों के माध्यम से प्राणों को नियंत्रित किया जाता है। इसका उद्देश्य नाड़ियों को शुद्ध करना, गुणों को संतुलित करना और वृत्तियों से ऊपर उठना है (यश्लोक 2.49-53), न कि केवल ऑक्सीजन प्रदान करना। गहरी साँस लेना विश्राम के लिए डायाफ्राम का असंरचित विस्तार है, जिसमें प्राणों पर नियंत्रण या उन्हें रोके रखने की क्षमता नहीं होती।"
"प्राणायाम साधारण गहरी सांस लेने से किस प्रकार भिन्न है, और इसके मानसिक लाभ क्या हैं?","मानसिक लाभ: चिंता/तनाव को कम करता है (पैरासिम्पेथेटिक सक्रियण, कोर्टिसोल के स्तर में कमी के माध्यम से), एकाग्रता/सजगता को बढ़ाता है (फ्रंटल लोब में ऑक्सीजन की मात्रा में वृद्धि), भावनात्मक विनियमन (वेगस तंत्रिका) और संज्ञानात्मक स्पष्टता को बढ़ाता है (धीमे चक्र ध्यान जैसी अवस्थाओं को प्रेरित करते हैं); यादृच्छिक परीक्षण (आरसीटी) तनाव/कैंसर रोगियों में ध्यान, स्मृति और जीवन की गुणवत्ता में सुधार दर्शाते हैं।"
प्राणायाम क्या है?,"[प्राणायाम पतंजलि के अष्टांग योग का चौथा अंग है, जिसे योग सूत्र 2.49-2.53 में स्थिर आसन (आसन) में महारत हासिल करने के बाद श्वास (पूरक), श्वास (रेचक) और श्वास-धारण (कुंभक) के नियमन या समाप्ति (गति-विच्छेदः) के रूप में परिभाषित किया गया है, जिसका उद्देश्य आंतरिक प्रकाश (दीव-स्पर्श, योग सूत्र 2.52) को प्रकट करके चित्त-वृत्तियों को शांत करना है। शब्द की व्युत्पत्ति प्राण (सर्वव्यापी जीवन शक्ति/ऊर्जा) + आयाम (विस्तार/नियंत्रण/समाप्ति) से हुई है, जो मात्र श्वास लेने से परे जाकर ब्रह्मांडीय प्राण का उपयोग करती है और प्रत्याहार एवं ध्यान की तैयारी कराती है (यशम योग 2.53)। हठ योग प्रदीपिका (2.2-3) जैसे शास्त्रीय ग्रंथ तकनीकों (जैसे नाड़ीशोधन) का विस्तृत वर्णन करते हैं, जबकि भगवद् गीता 4.29 समाधि के लिए श्वास त्याग का संकेत देती है।"
सूर्य के प्रकाश के संदर्भ में योग की वैश्विक पहुंच क्या है?,"जहां कहीं भी सूर्य का उदय होता है और उसकी किरणें पहुंचती हैं, ऐसा कोई भूभाग नहीं है जहां योग के माध्यम से उसका स्वागत न किया जाता हो, जिससे यह विश्वास पैदा होता है कि योग अभ्यासकर्ताओं की दुनिया में सूर्य कभी अस्त नहीं होता।"
फ्रांस के ऐतिहासिक स्थलों में योग को किस प्रकार समाहित किया गया?,"सीन नदी और एफिल टॉवर पर योग का अभ्यास किया गया, जिसमें नागरिकों ने इस अभ्यास को इन प्रतिष्ठित संरचनाओं के बराबर दर्जा दिया।"
न्यूयॉर्क शहर में योग का उत्सव कहाँ मनाया जाता है?,न्यूयॉर्क में टाइम्स स्क्वायर पर योग का अभ्यास किया जाता है।
ऑस्ट्रेलिया का कौन सा स्थल योगाभ्यास के आयोजन के लिए प्रसिद्ध है?,सिडनी में स्थित ओपेरा हाउस एक प्रमुख स्थान है जहां नागरिक योगाभ्यास करने के लिए एकत्रित होते हैं।
संयुक्त राष्ट्र योग दिवस में किस प्रकार भाग लेता है?,संयुक्त राष्ट्र के महासचिव ने संयुक्त राष्ट्र मुख्यालय में योगाभ्यास किया और संयुक्त राष्ट्र शांति सेना ने योगाभ्यास का एक शानदार प्रदर्शन किया।
भारतीय सैनिक किन-किन चरम परिस्थितियों में योग का अभ्यास करते हैं?,सियाचिन में सैनिक बर्फ की सफेद चादर पर योगाभ्यास कर रहे हैं।
भारतीय नौसेना योग अभ्यास को किस प्रकार सुगम बनाती है?,भारतीय नौसेना द्वारा योग कार्यक्रम उन सभी स्थानों पर आयोजित किए जाते हैं जहां उनके नौसैनिक जहाज वर्तमान में समुद्र में तैनात हैं।
अंतर्राष्ट्रीय योग दिवस पर दिल्ली में कौन सा विश्व रिकॉर्ड बनाया गया?,"जिस दिन राजपथ को ""योगपथ"" में परिवर्तित किया गया, उस दिन दिल्ली ने गिनीज बुक ऑफ वर्ल्ड रिकॉर्ड्स में अपना नाम दर्ज कराया।"
योग किस प्रकार वैश्विक स्तर पर एक संपर्क सूत्र के रूप में कार्य करता है?,"योग पुरुषों, महिलाओं, बूढ़ों, युवाओं, गांवों, शहरों और विकसित एवं विकासशील दोनों देशों को जोड़ता है, और यह पूरी दुनिया को जोड़ने का एक मूल कारण है।"
वैश्विक स्तर पर योग प्रशिक्षण के प्रति विशिष्ट जिम्मेदारी क्या है?,हमारा दायित्व है कि हम विश्व को सर्वोच्च योग शिक्षक प्रदान करें और ब्रह्मांड से योग की परंपरा को एक ही मंच पर समेकित करें।
योग आंदोलन में आईटी पेशेवरों की क्या भूमिका होनी चाहिए?,युवाओं और आईटी पेशेवरों को एक ऑनलाइन योग गतिविधि कार्यक्रम और योग संगठनों और शिक्षकों का एक व्यापक डेटाबेस बनाने के लिए प्रोत्साहित किया जाता है।
भारत में कौन सा सरकारी विभाग वैश्विक योग कार्यक्रमों के आयोजन के लिए जिम्मेदार है?,"हालांकि आयुष विभाग एक छोटा विभाग है, फिर भी इसने पूरे विश्व में अंतर्राष्ट्रीय योग दिवस कार्यक्रम का नेतृत्व और आयोजन किया।"
योग के दीर्घकालिक अभ्यास को कैसे प्रोत्साहित किया जाता है?,अंतर्राष्ट्रीय योग दिवस केवल नाममात्र का या एक दिवसीय पहल नहीं है; लोगों को योग का अभ्यास जारी रखने और इसे अपने दैनिक जीवन का हिस्सा बनाने के लिए प्रोत्साहित किया जाता है।
भारत के प्रति वैश्विक जिज्ञासा पर योग का क्या प्रभाव पड़ा है?,"योग की सफलता ने भारत के मूल्यों, रीति-रिवाजों और विरासत के बारे में जानने के लिए पूरी दुनिया की जिज्ञासा बढ़ा दी है।"
इटली में किस स्थान का उल्लेख योग स्थल के रूप में किया गया था?,मिलान का डुओमो कैथेड्रल यूरोप में योग अभ्यास के लिए गौरव का स्थल था।
योग के माध्यम से वैश्विक जुड़ाव को किस प्रकार परिभाषित किया जाता है?,"योग के माध्यम से पूरी दुनिया आपस में जुड़ रही है, जिससे एक अनूठा बंधन बन रहा है जो दुनिया के अतीत, वर्तमान और भविष्य को जोड़ता है।"
इस अवधि के दौरान भारत में योग दिवस समारोह का पैमाना क्या था?,अंतर्राष्ट्रीय योग दिवस भारत भर में 1 लाख से अधिक स्थानों पर विभिन्न रूपों में और बड़े उत्साह के साथ मनाया गया।
भारत के एक स्मारक डाक टिकट पर किस विशिष्ट योगासन को दर्शाया गया था?,भारत सरकार ने अंतर्राष्ट्रीय योग दिवस के अवसर पर 'सूर्य नमस्कार' पर एक डाक टिकट जारी किया।
संयुक्त राष्ट्र मुख्यालय में योगासनों से संबंधित कौन सा विशेष दृश्य प्रदर्शन आयोजित किया गया था?,न्यूयॉर्क में संयुक्त राष्ट्र संगठन (यूएनओ) के मुख्यालय भवन की छत पर विभिन्न योगासनों की अलग-अलग मुद्राओं को दर्शाने वाला एक विशेष प्रोजेक्शन आयोजित किया गया था।
योग दिवस मनाने के लिए सोशल मीडिया ने प्रौद्योगिकी का उपयोग कैसे किया?,"ट्विटर ने ""योग इमेजिंग"" नामक एक प्रयोग शुरू किया, जिसमें हैशटैग #YogaDay टाइप करने पर उपयोगकर्ता के मोबाइल डिवाइस पर तुरंत एक योग छवि उत्पन्न हो जाती थी।"
पाठ के अनुसार 'योग' शब्द का कार्यात्मक अर्थ क्या है?,"योग का अर्थ ही है जोड़ना या संबंध स्थापित करना, संपूर्ण विश्व को जोड़ने की शक्ति रखना।"
विभिन्न योगासनों के लिए आधिकारिक निर्देशात्मक वीडियो कहाँ मिल सकते हैं?,आयुष मंत्रालय की वेबसाइट पर सभी आयु वर्ग के लोगों के लिए विभिन्न योग आसनों को प्रदर्शित करने वाले 40-45 मिनट के व्यापक वीडियो उपलब्ध हैं।
इस वर्ष के लिए योग संस्थानों और गुरुओं के लिए निर्धारित प्राथमिक स्वास्थ्य लक्ष्य क्या है?,सभी योग विद्यालयों और गुरुओं से आग्रह किया गया है कि वे पूरे वर्ष योग के माध्यम से मधुमेह को हराने के तरीकों पर एक सफल अभियान चलाएं।
योग अभ्यास के माध्यम से मधुमेह को विशेष रूप से क्यों लक्षित किया जाता है?,"मधुमेह को ""मास्टर स्विच"" और कई अन्य बीमारियों का प्रवेश द्वार बताया जाता है; योग के माध्यम से इसे नियंत्रित करने से विभिन्न बीमारियों के कारणों को नियंत्रित करने में मदद मिल सकती है।"
योग और चयापचय स्वास्थ्य से संबंधित अनुभवों को साझा करने के लिए किस सोशल मीडिया टैग का उपयोग किया जाता है?,"""#YogaFightsDiabetes"" टैग का उपयोग योग अभ्यास के माध्यम से इस बीमारी को नियंत्रित करने के व्यक्तिगत अनुभवों और परिणामों को साझा करने के लिए किया जाता है।"
"योग के विभिन्न संप्रदायों के लिए उल्लिखित ""अंतिम लक्ष्य"" क्या है?","योग के विभिन्न स्कूलों की अपनी-अपनी पद्धतियाँ और प्राथमिकताएँ होती हैं, लेकिन उन सभी का अंतिम लक्ष्य समग्र स्वास्थ्य और कल्याण है।"
योग दर्शन के मूलभूत ग्रंथ कौन से हैं?,"भगवद् गीता: योग के मार्गों पर आधारित एक एकीकृत ग्रंथ (लगभग दूसरी शताब्दी ईसा पूर्व), जिसे अक्सर सूत्रों के साथ पढ़ा जाता है।"
योग दर्शन के मूलभूत ग्रंथ कौन से हैं?,"राज योग का संहिताकरण करता है; चार पाद (समाधि, साधना, विभूति, कैवल्य); सांख्य, उपनिषद और भगवद् गीता जैसी महाकाव्य परंपराओं से प्रेरणा लेता है।"
"गीता कर्म-योग (निस्वार्थ कर्म) और त्याग के बीच सामंजस्य कैसे स्थापित करती है, और ""परिणामों से आसक्ति के बिना कर्म करने"" का क्या अर्थ है?","कृष्ण अध्याय 5 में कहते हैं कि दोनों मार्ग मुक्ति की ओर ले जाते हैं, लेकिन कर्म-योग श्रेष्ठ है क्योंकि कर्म-योग के पूर्व अभ्यास के बिना सच्चा त्याग करना कठिन है।"
"गीता कर्म-योग (निस्वार्थ कर्म) और त्याग के बीच सामंजस्य कैसे स्थापित करती है, और ""परिणामों से आसक्ति के बिना कर्म करने"" का क्या अर्थ है?","इसमें शारीरिक त्याग की बजाय परिणामों से मानसिक विरक्ति की आवश्यकता होती है। मात्र कर्म से परहेज (शारीरिक संन्यास) से सुप्त इच्छाएँ शुद्ध नहीं होतीं और निष्क्रियता के सूक्ष्म आसक्ति के कारण बंधन बन सकता है, जबकि कर्म-योग ईश्वर के प्रति समर्पण के माध्यम से कर्मों को सक्रिय रूप से जलाता है। उदाहरण के लिए, राजा जनक जैसे प्रबुद्ध ऋषियों ने अनासक्त रहते हुए राजकाय कर्तव्यों का निर्वाह किया और बंधन से मुक्त होकर उदाहरण प्रस्तुत किया।"
"गीता में वर्णित चार योग (कर्म, भक्ति, ज्ञान, रज) और योग सूत्र में वर्णित आठ अंगों वाले मार्ग की मुक्ति प्राप्ति के दृष्टिकोण में क्या अंतर है?","गीता के मार्ग सांसारिक जुड़ाव को पारलौकिकता के साथ एकीकृत करते हैं: कर्म योग शुद्धि के लिए फलों से आसक्ति रहित कर्म करता है, भक्ति ईश्वर के प्रति प्रेम के माध्यम से अहंकार का त्याग करती है, ज्ञान वास्तविक (ब्रह्म) को असत्य से अलग करता है, रज ध्यान के माध्यम से मन को शांत करता है - अक्सर संयोजनीय, जैसा कि भगवद् गीता 13.24-25 में बताया गया है।"
"गीता में वर्णित चार योग (कर्म, भक्ति, ज्ञान, रज) और योग सूत्र में वर्णित आठ अंगों वाले मार्ग की मुक्ति प्राप्ति के दृष्टिकोण में क्या अंतर है?","पतंजलि के अनुसार, अंगों का क्रम बाह्य नैतिकता (यम/नियम), शारीरिक क्रिया (आसन/प्राणायाम), प्रत्याहारा (संयम) से शुरू होकर आंतरिक एकाग्रता (धारणा/ध्यान) तक जाता है, जो अंततः समाधि की अवस्था में परिणत होता है—क्रमबद्ध होते हुए भी पूर्णता में समवर्ती, जिसका उद्देश्य विवेकपूर्ण ज्ञान (विवेक-ख्याति) प्राप्त करना है। गीता गृहस्थों के लिए भक्ति और कर्तव्य पर बल देती है, जबकि सूत्र तपस्वियों के लिए ध्यान पर नियंत्रण पर केंद्रित हैं।"
आधुनिक आसन-केंद्रित योग किस हद तक योग सूत्र और हठ योग प्रदीपिका जैसे शास्त्रीय स्रोतों पर आधारित हो सकता है?,"एचवाईपी (15वीं शताब्दी) आसनों को समाधि के लिए शरीर/श्वास को स्थिर करने के ""आसन"" के रूप में देखती है, न कि फिटनेस दिनचर्या के रूप में, और इस प्रकार यह सूत्रों के साथ अधिक मेल खाती है। एचवाईपी में पौराणिक 84 आसनों में से 15 आसनों (जैसे, सिद्धासन, पद्मासन, पश्चिमोत्तानासन, मयूरासन) का विस्तृत वर्णन है, जिसमें प्राण को स्थिर करने के लिए चार प्रमुख तत्वों पर जोर दिया गया है।"
आधुनिक आसन-केंद्रित योग किस हद तक योग सूत्र और हठ योग प्रदीपिका जैसे शास्त्रीय स्रोतों पर आधारित हो सकता है?,"ये 84 रोगों का निवारण करते हैं और कुंभक आसन में सहायक होते हैं, विन्यासा आसन में नहीं। आधुनिक योग में 100 से अधिक गतिशील आसन शामिल हैं (जैसे कि योद्धा आसन, डाउन डॉग आसन जो आधुनिक योग पद्धति में नहीं हैं), और यह आधुनिक योग पद्धति के कुंडलिनी मुद्रा/बंध जैसे गूढ़ लक्ष्यों की तुलना में व्यायाम को प्राथमिकता देता है। आधुनिक योग पद्धति में कुछ आसन समान हैं, लेकिन स्टूडियो में उनके मुकाबले वे सरल/स्थिर हैं।"
आधुनिक व्याख्याकारों (जैसे कि विवेकानंद द्वारा चार योगों का व्यवस्थितीकरण) ने समकालीन दर्शकों के लिए इन मूलभूत ग्रंथों की व्याख्या को किस प्रकार नया रूप दिया है?,"घेरंडा संहिता अपने सात अध्यायों में सात गुना योग (सप्तंग या घटस्थ योग) की रूपरेखा प्रस्तुत करती है, जिसमें आत्मा के ""पात्र"" के रूप में शरीर को शुद्ध करने के लिए हठ योग अभ्यासों पर जोर दिया गया है, जो पतंजलि के अष्टांग मार्ग के विपरीत है। सात अंग: षट्कर्म (अध्याय 1): शारीरिक/मानसिक शुद्धि के लिए छह शुद्धिकरण तकनीकें (धौति, बस्ती, नेति, त्राटक, नौली, कपालभाति)। आसन (अध्याय 2): दृढ़ता और स्थिरता (दृढ़ता) के लिए 32 आसन। मुद्रा (अध्याय 3): स्थिरता (स्थिरता) के लिए 25 मुद्राएँ/मुद्राएँ। प्रत्याहार (अध्याय 4): शांत करने (धारणा) के लिए पाँच विधियों द्वारा इंद्रियों को वश में करना। प्राणायाम (अध्याय 5): हल्कापन (लघव) के लिए 10 श्वास नियंत्रण। ध्यान (अध्याय 6): आंतरिक बोध (प्रकाश) के लिए ध्यान। समाधि (अध्याय 7): एकांत/आनंद (भाव) प्राप्त करने के लिए अवशोषण विधियाँ (जैसे, शवासन, उन्मनी)।"
घेरंडा संहिता में वर्णित सात प्रकार के योग क्या हैं और पतंजलि के आठ अंगों के साथ उनका क्या संबंध (या असंगति) है?,"घेरंडा संहिता अपने सात अध्यायों में सात गुना योग (सप्तंग या घटस्थ योग) की रूपरेखा प्रस्तुत करती है, जिसमें आत्मा के ""पात्र"" के रूप में शरीर को शुद्ध करने के लिए हठ योग अभ्यासों पर जोर दिया गया है, जो पतंजलि के अष्टांग मार्ग के विपरीत है। सात अंग: षट्कर्म (अध्याय 1): शारीरिक/मानसिक शुद्धि के लिए छह शुद्धिकरण तकनीकें (धौति, बस्ती, नेति, त्राटक, नौली, कपालभाति)। आसन (अध्याय 2): दृढ़ता और स्थिरता (दृढ़ता) के लिए 32 आसन। मुद्रा (अध्याय 3): स्थिरता (स्थिरता) के लिए 25 मुद्राएँ/मुद्राएँ। प्रत्याहार (अध्याय 4): शांत करने (धारणा) के लिए पाँच विधियों द्वारा इंद्रियों को वश में करना। प्राणायाम (अध्याय 5): हल्कापन (लघव) के लिए 10 श्वास नियंत्रण। ध्यान (अध्याय 6): आंतरिक बोध (प्रकाश) के लिए ध्यान। समाधि (अध्याय 7): एकांत/परमानंद (भाव) के लिए अवशोषण विधियाँ (जैसे, शवासन, उन्मनी)।"
कौन से आसन शक्ति और लचीलापन बढ़ाते हैं?,"प्रारंभिक आसनों में, जो पैरों, कमर और भुजाओं की ताकत और हैमस्ट्रिंग, कूल्हों और रीढ़ की हड्डी की लचक बढ़ाने में सहायक होते हैं, ताड़ासन, वृक्षासन, भुजंगासन, अधोमुख श्वानासन और उत्कटासन शामिल हैं। योग स्कूलों में इन्हें मूलभूत अभ्यास के लिए अनुशंसित किया जाता है। ताड़ासन (पर्वत मुद्रा): शरीर को संरेखित करता है और टखनों/पैरों/कमर को मजबूत बनाता है।"
कौन से आसन शक्ति और लचीलापन बढ़ाते हैं?,"सीधे खड़े हों, हाथ सिर के ऊपर उठाएं, 30-60 सेकंड तक रुकें। वृक्षासन (ट्री पोज): पैरों/टखनों की ताकत, कूल्हों की लचीलता और संतुलन बढ़ाता है; पैर जांघ के भीतरी भाग पर रखें, प्रार्थना की मुद्रा में हाथ रखें, 20-30 सेकंड प्रति पक्ष। भुजंगासन (कोबरा पोज): पीठ/रीढ़ की हड्डी को मजबूत करता है, छाती को खोलता है; पेट के बल लेटकर छाती को ऊपर उठाएं, 15-30 सेकंड तक रुकें। अधो मुख श्वानासन (डाउनवर्ड डॉग): हैमस्ट्रिंग/पिंडलियों/कंधों को स्ट्रेच करता है, हाथों/पैरों को मजबूत करता है; उल्टा वी (V) मुद्रा में 30 सेकंड से 1 मिनट तक रुकें। उत्कटासन (चेयर पोज): जांघों/कोर/कंधों को टोन करता है; घुटने मोड़ें, हाथ ऊपर उठाएं, 30-60 सेकंड तक रुकें।"
"पतंजलि के योग सूत्र के अनुसार, आसन की परिभाषा क्या है और यह अष्टांग मार्ग में कैसे समाहित होता है?","योग सूत्र (2.46-48) में आसन को ""स्थिर-सुखम आसनम"" के रूप में परिभाषित किया गया है - एक ऐसी मुद्रा जो स्थिर (स्थिर) और आरामदायक (सुखम) है, जो प्रयास के विश्राम और अनंत पर ध्यान के माध्यम से प्राप्त की जाती है, जो अभ्यासकर्ता को गर्मी/सर्दी जैसे द्वंद्वों से मुक्त करती है।"
"पतंजलि के योग सूत्र के अनुसार, आसन की परिभाषा क्या है और यह अष्टांग मार्ग में कैसे समाहित होता है?","यह अष्टांग योग का तीसरा अंग है (यम/नियम के बाद), जो मन को स्थिर करके और शारीरिक विकर्षणों को दूर करके शरीर को प्राणायाम और ध्यान के लिए तैयार करता है, न कि व्यायाम या जटिल आसनों के लिए।"
हठ योग प्रदीपिका में भगवान शिव द्वारा सराहे गए चार प्रमुख आसनों के नाम बताइए और उनके महत्व का वर्णन कीजिए।,"हठ योग प्रदीपिका (1.35-53) में 15 आसनों का उल्लेख है, लेकिन शिव द्वारा सिखाए गए चार प्रमुख आसनों पर विशेष बल दिया गया है: सिद्धासन (सिद्ध आसन), पद्मासन (कमल आसन), सिंहासन (सिंह आसन) और भद्रासन (कृपालु आसन)। सिद्धासन रोगों का नाश करता है और ध्यान में सहायक होता है।"
हठ योग प्रदीपिका में भगवान शिव द्वारा सराहे गए चार प्रमुख आसनों के नाम बताइए और उनके महत्व का वर्णन कीजिए।,"पद्मासन कुंडलिनी जागृत करता है; सिंहासन बंधों को सुगम बनाता है; भद्रासन रोगों का निवारण करता है। HYP स्वास्थ्य, प्राणायाम की तैयारी और रोग निवारण के लिए आसनों पर जोर देता है, कुल 84 आसन हैं लेकिन 4 सबसे महत्वपूर्ण हैं।"
किन आसनों का अभ्यास प्रतिदिन किया जा सकता है?,"पुरुषों, महिलाओं और बच्चों द्वारा दैनिक अभ्यास के लिए उपयुक्त सुरक्षित और मूलभूत आसनों में ताड़ासन, वृक्षासन, भुजंगासन, अधो मुख श्वानासन और सुखासन शामिल हैं। नियमित अभ्यास से ये आसन शरीर की मुद्रा, रक्त संचार, श्वास और समग्र संतुलन में सुधार करते हैं।"
पुरुषों और महिलाओं के लिए कौन से आसन सबसे अच्छे हैं?,"शक्ति, सहनशक्ति और हार्मोनल संतुलन के लिए आमतौर पर अनुशंसित आसनों में वीरभद्रासन, त्रिकोणासन, सेतु बंधासन और नवासन शामिल हैं। ये आसन पुरुषों और महिलाओं दोनों में मांसपेशियों की मजबूती, पाचन, प्रजनन स्वास्थ्य और चयापचय क्रिया को लाभ पहुंचाते हैं।"
बच्चों के लिए कौन से आसन उपयुक्त हैं?,"बालासन, वज्रासन, मार्जरियासन-बिटिलासन और वृक्षासन जैसे बाल-अनुकूल आसन एकाग्रता, लचीलापन, पाचन और भावनात्मक संतुलन को बढ़ाते हैं, जिससे वे बढ़ते बच्चों के लिए आदर्श बन जाते हैं।"
"कौन से आसन तनाव, चिंता को कम करते हैं और ध्यान को बेहतर बनाते हैं?","पद्मासन, शवासन, बालासन और विपरीत करणी का व्यापक रूप से पैरासिम्पेथेटिक तंत्रिका तंत्र को सक्रिय करने, तनाव और चिंता को कम करने और जागरूकता और भावनात्मक स्थिरता में सुधार करने के लिए उपयोग किया जाता है।"
बुजुर्ग लोगों के लिए कौन से आसन अनुशंसित हैं?,"ताड़ासन, वज्रासन, सेतु बंधासन और शवासन जैसे सौम्य आसन जोड़ों की गतिशीलता, रक्त संचार, संतुलन और विश्राम में सहायक होते हैं, जिससे वे वरिष्ठ नागरिकों के लिए उपयुक्त होते हैं जब उन्हें किसी के सहारे किया जाता है।"
कौन से आसन रक्तचाप और रक्त शर्करा को नियंत्रित करने में सहायक होते हैं?,"अर्ध मत्स्येंद्रासन, पश्चिमोत्तानासन, विपरीत करणी और धनुरासन जैसे आसन अग्नाशयी कार्यप्रणाली, इंसुलिन संवेदनशीलता और रक्त वाहिकाओं को शिथिल करने में सुधार करते हैं, जिससे रक्तचाप और ग्लूकोज नियंत्रण में सहायता मिलती है।"
कौन से आसन रोग प्रतिरोधक क्षमता बढ़ाते हैं?,"भुजंगासन, मत्स्यासन, अधो मुख शवानासन और सेतु बंधासन लसीका तंत्र, फेफड़े और थाइमस ग्रंथि को उत्तेजित करते हैं, जिससे प्रतिरक्षा प्रतिक्रिया मजबूत होती है।"
कौन से आसन वजन कम करने में सहायक होते हैं?,"सूर्य नमस्कार, उत्कटासन, नवाजासन और धनुरासन जैसे गतिशील आसन चयापचय, वसा जलाने और मांसपेशियों की टोन को बढ़ावा देते हैं, जिससे स्वस्थ वजन प्रबंधन में सहायता मिलती है।"
आंखों की सेहत के लिए कौन से आसन फायदेमंद हैं?,"पामिंग (सुखासन के साथ), शवासन, बालासन और विपरीत करणी जैसी अभ्यास विधियाँ आँखों की मांसपेशियों को आराम देने, ऑप्टिक नसों में रक्त प्रवाह को बेहतर बनाने और उंगलियों से किए गए नेत्र तनाव को कम करने में मदद करती हैं।"